300674	how many years did william bradford serve as governor of plymouth colony?
118457	define bona fides
68095	can hives be a sign of pregnancy
87892	causes of petechial hemorrhage
211691	how coffee works quote
264827	how long is the flight from chicago to cairo
89786	central city definition
352818	how to cook string beans
319564	how much fiber is in carrots
67802	can green tea cause stomach problems
1090184	synonym of subordinate
323382	how much is the stamp to send a card
323998	how much magnesium in kidney beans
333486	how old do you have to be to get a job in idaho
1090170	synonyms for the word, decline
259417	how long does respite last
87019	causes of insomnia in women
335710	how old is lil moco
127984	define tension stress
1090115	task definition
1090110	tax planning defined
1090102	tcm meaning case management
1090077	telephone number for amazon fire stick customer service
1089983	brass is composed of copper and what
1089964	texas roadhouse glen mills pa phone number
1089940	the amendment that ensures the defendant has the right to an attorney is the ____________ amendment.
1089925	the bancorp routing number
1089906	the cast of emoji movie
1089896	the collection film cast
1101236	does azusa pacific university negotiate salary
1089846	the economics is or are
1089832	the function of the olfactory nerve concerns
1089776	the meaning of stinchcombe
1089750	britne oldford worth
1089693	the wellness collective
1089674	thirty one gifts corporate phone number
1089645	brownsburg in zip
1089639	tim chapman net worth
1089597	time in yekaterinburg
1089576	time to cut knock out roses
1089560	tinea pedis is also called
1089558	tire wear patterns and causes
1089501	budget meaning
1089498	total number of cases argued per year to supreme court
1089414	trod meaning
1089408	troy student population
1089325	types of fingerprints
1089277	types of railings
1089273	types of road hugger tires
1101171	does schizophrenia cause hallucinations
1089214	ultra processed definition
1089164	university of phoenix online school code
1089158	unnerving definition
1089121	us estate tax for canadians
1089093	usb host controller functions
1089085	usf admissions office phone number
1089027	vegan how much protein a day
1089026	vegetables good for diabetic dogs
1089002	vermont casting group phone number
1089001	vermont chocolate factory
1088947	cadillac alternator price
1088928	vitamins a, d, e, and k are dependent upon
1088869	walmart tax bonus for employees
1088845	calcium is known as
1088832	was collective noun
1088758	wayfair tile
1088742	wbtv location
1088718	weather for avon in
1088693	calculation of geometric mean
1101121	doug bradley net worth
1088658	weather in brinny ireland
1088628	weather in cedartown ga
1088453	calories burrito supreme
1101090	dr azadpour phone number
1088444	weather in kashan
1088379	calories for chocolate chips
1088347	weather in new york city ny
1088332	weather in oran
1088221	weather in shirdi, india
1088164	weather in warwick
1088043	calories in canned black beans
1087999	weston wv taxes
1101044	dr. richard spech npi number
1087870	what age was martin luther king when he was admitted
1087774	what are aneurysm
1087735	what are bound fields connected to
1087729	what are cacao trees called in latin and
1087728	what are caged ibc tanks used for
1087690	what are cra
1087675	what are deposit solutions banking
1087589	what are gases used in neon signs?
1087566	what are hcp
1087544	what are investigators and special agents responsible for ?
1087487	what are mill rates
1087484	what are mofongo
1087375	what are pssa scores used for
1087351	what are sancocho made of
1087327	what are side effects associated with using fluconazole
1087269	what are some meat companies
1087215	camc credit union routing number
1100986	duralumin price
1087204	what are swine fries
1087186	camille grammer height and weight
1087122	what are the color of the vietnam service ribbon
1087114	what are the complications of varicose vein
1087077	can a pinched nerve cause tooth pain
1087074	what are the different forms of marijuana
1087046	what are the five phases of the cell cycle?
1087001	what are the ingredients in a cough drop typically
1086974	what are the main categories of market-oriented approaches to pollution controls
1086933	what are the most commonly used batteries
1086928	what are the muted colors
1086917	what are the northeasterly winds
1086886	what are the products and by products of photosynthesis?
1086874	what are the requirements for bethune cookman
1086765	what are the tax benefits of a heloc
1086708	what are the two major subdivisions of the nervous system?
1086675	what are thomas jefferson's kids named
1086637	what are thumbs.db used for
1100930	ecrater phone number
1086595	what are va death benefits
1086565	what are yellow roses mean
1086498	what awareness month is april
1086477	what belongs in an affirmative action plan?
1086439	what body parts does pku affect
1086424	what branch of gov is congress part of
1086354	what can help dogs sleep
1086309	what car class is the mclaren
1086200	what causes cramping in stomach
1086075	what causes small bumps on your hands
1086046	what causes the li
1086022	what causes white film in mouth
1085967	what character did michael b. jordan in creed
1100875	effects of using pedialyte
1085888	what college did elon musk go to
1085862	what color is dover white
1085796	what company was skittles made by?
1085779	canopius us insurance inc phone number
1085697	what county is albany mo
1085674	what county is beloit, wi in
1100852	electroconvulsive therapy definition
1085658	what county is blanchard, wa
1085630	what county is centerpoint in
1085535	cardiovascular meaning
1085517	what county is homer mi in
1085497	what county is janesville mn in
1085457	carnation® evaporated milk total calories
1085454	what county is lumberton, nc
1085441	what county is metuchen nj
1085434	what county is millville, pa in
1085421	carpooling definition
1085393	what county is oldsmar, fl in
1085386	carrier conditioners phone number
1085351	what county is plumcreek twp in
1085348	what county is polson montana in?
1085341	what county is princeton,mn in
1085339	what county is racine wv in
1085319	what county is rome city indiana in
1085303	what county is santa rosa, tx in
1085229	what county is wendelville ny in
1085141	what day does daylight savings
1085013	what did liliuokalani write
1084910	what disease do roof rats cause
1100783	equivalent what does it means
1084814	what do goblins represent in literature
1100772	espn streaming price
1084713	what do rich people complain about
1084555	what does a bank lockbox clerk do
1084475	what does a frito lay packaging machine operator do?
1084441	what does a naturopathic physicians do
1084435	what does a nickel l
1084403	what does a rightward shift in a supply curve indicate
1084389	what does a stocking permit do
1084354	what does abc stand for in liquor store
1084326	what does address label mean
1084308	cause of computer overheating
1084276	what does an audiologist do job description
1100724	aol email helpline number
1084076	what does cilostazol treat
1084075	what does circulation mean in the water cycle
1083967	what does delirious mean
1083865	what does executive privilege mean
1083832	what does fermentation mean
1083822	what does filter sock do
1083819	what does finger mean
1083797	what does fractional mean?
1100687	apartment cost in phoenix az
1083722	what does hair prone mean
1083713	what does harmer mean
1083704	what does heather smell like
1083686	what does homesteads mean
1083597	what does it mean centcom
1100661	faience in art meaning
1083537	what does job costs include
1083401	what does mpid stand for military
1083342	what does obesity ,e
1083332	causes of neuropathic bladder
1083307	what does otg in a usb stands for
1083293	what does pagerduty do
1100639	fastest anyone has run across usa
1083243	what does pilgrim mean
1083150	what does quimica mean in spanish
1083010	what does simple circuit contain
1082966	what does spirulina do for you
1082948	what does starling mean
1082750	what does the market cap indicate?
1082701	what does the name yamil mean
1082653	what does the rellis campus name mean
1082502	what does thhn in electrical stand for
1082384	what does white blood cells mean
1082377	what does wintergreen blend well with
1082263	what energy source is earth using primarily for its internal heat
1082117	what established the military reserve
1081730	what family do squirrels belong to
1081609	what federal judges did kennedy appoint
1080948	what foods contain histamines?
1080937	what foods does truffle oil work with
1100533	flexor meaning
1080406	what formula should i give baby with rash on cheeks from dairy
1080253	what fraction of the light falling on a piece of photographic film is typically wasted
1079987	what genes affect wilms tumors
1079231	what happens if you ignore a collections agency
1079050	what happens when electrons are passed down the electron transport chain?
1078906	what has the study of fossils allowed scientist to do
1077356	what injectable meds treat cervical dystonia
1077002	what is (prospectus
1100492	foods for pregnancy constipation
1100488	a benefit of a monopoly is
1075588	what is a cimbalom?
1075244	cigna subscriber id number
1074949	what is a dapple dog
1102235	why does ehr downtime happen
1073943	what is a enemy combatant
1073569	what is a finderscope
1072750	city of richmond ky population
1072513	what is a gsep
1100458	apria healthcare npi number
1072500	what is a guaranteed general fund investment
1071198	what is a lobster roll?
1070452	what is a mimo receiver
1069981	what is a mustelidae
1069521	what is a pedicle flap
1068584	what is a purchase order definition
1067826	what is a router meaning
1067276	what is a spoiled brat
1066958	what is a subject access request?
1066716	what is a systems programmer job description
1066709	what is a tag sale
1065971	what is a transfer of debt account?
1065728	what is a u on a credit report
1065551	what is a variable factor
1065494	what is a vhf system
1065160	what is a wrongful act for directors and officers
1064529	what is adipocere
1062961	what is an example of insight thinking
1062928	what is an example of speciation
1062784	what is an insta pot?
1062332	what is an rs in money
1061472	what is aripiprazole used for?
1061382	what is arp wave treatments
1061237	what is assassin's creed unity
1060566	community bank bristow routing number
1060039	what is beverly hills md
1059496	what is blue ice in a lake
1100319	gasoline price in brussels
1058271	what is community legal service
1058142	what is congenital sclerocornea?
1057656	what is county mean
1057539	what is crime rate for new port richey fl
1057367	what is curosurf ?
1057112	what is datum target
1056726	what is diagnosis of engineering
1056265	what is dry rot answers
1056211	constructivism education define
1056163	what is eaglewood
1056159	what is earth dreams technology
1056060	what is elbaite
1056057	what is electric baseboard heating
1055717	what is epic database for healthcare
1055125	what is force fluids mean
1054451	what is green information technology
1054440	what is grenadine in drinks
1054438	what is grievances
1054023	what is hold mail
1053716	what is ibm chat
1053611	what is in a chunky bar
1100226	google what is endometriosis
1100224	gorilla car washes in council bluffs iowa
1052615	what is jishuken
1052274	what is korean seafood pancake
1051942	what is limericks
1051808	what is lmis
1051723	what is lone star trim
1051571	what is marilyn manson music called
1051530	what is mastoidectomy
1051372	cost for child cineplex
1051352	what is mechanical advantages in science terms
1051285	what is medicine acyclovir used for
1051257	what is megatron called
1051214	what is meningitis.
1100187	green horizon mini storage contact number
1051108	what is methylphenidate generic for
1050778	what is monological illusion
1049955	what is net gain
1049791	what is njstart
1100168	grudge define
1049329	what is nyu ranked
1049085	what is on the outside of dna
1048381	what is petty theft in kentucky
1048377	what is pharmaceutical/medical waste
1048303	what is pimple
1048282	what is pivx
1047794	cost of hpv vaccine cdc
1047700	what is proteomics
1047662	what is psychic remote viewing
1047642	what is ptztv
1047629	what is pummelo
1047548	what is qd?
1047269	what is region 2
1046969	what is robert downey jr's net wo
1046931	what is rocket league trading
1100119	har-co credit union routing number
1046463	what is sealaska corporation
1046387	what is shingrix?
1100106	harry potter parents
1100105	harumph define
1045855	cost of simple cremation in los angeles california
1045853	what is spoc llc
1045826	what is ssc je
1045717	what is step up ring adapter
1045709	what is stop order process
1045567	what is super duplex stainless steel
1100094	hassan amjad
1045494	what is sustained performance
1045229	what is terminal f
1045071	what is the age for joining aarp
1100070	head turner meaning
1043914	what is the best way to treat a cold sore that is scabbed over
1043658	what is the bracket
1043568	what is the bryozoans
1043337	what is the cause for tectonic plates
1042752	what is the colorless, gaseous element that makes up four-fifths of the air
1042626	what is the conflict about sleeping beauty
1042507	cost to purchase cattle
1041043	what is the difference between a c-corp and a s-corp?
1040959	what is the difference between a narrow spectrum antibiotic and a broad spectrum antibiotic
1040532	what is the difference between server ram and pc ram
1040409	what is the difference between white flour and whole wheat white flour?
1040238	what is the distance between los angeles and san diego?
1040099	what is the eagle flyer
1040064	what is the elevation of warrensburg
1100010	hemelse modder
1039521	cox business omaha phone number
1099998	herbold law grinnell
1039002	what is the gateway
1038879	what is the goal for the child with a cognitive impairment?
1038859	what is the goddess of agriculture in greek mythology
1038527	cravat definition
1038184	what is the ideal woman in our society
1099981	heslin rothenberg farley & mesiti p.c.
1037817	what is the kinneret sardine?
1037250	what is the lunar regolith quizlet
1037188	what is the main cable that connects computer monitor to cpu
1036784	what is the max dose for allopurinol
1036627	what is the meaning of cross breeding
1036214	what is the microfeed in sharepoint
1036005	what is the most common treatment for balanitis?
1035931	what is the most common ways hiv is spread
1035719	airplane definition of drag
1099943	highest paid public employee states
1035321	what is the net ionic charge of a calcium ion?
1035278	what is the new nintendo system
1035247	what is the new trend for kitchen cabinets
1034761	what is the part of the enzyme where the substrate binds for the reaction?
1034680	what is the perimeter of triangle
1034679	what is the period for y=cosx
1034587	cures that work for mites on dogs homemade
1034409	what is the population of coos bay
1034204	what is the population of wuhan china
1034136	what is the priceline customer service number?
1099914	highest wind gust
1033927	what is the purpose of a conceptual model for advanced practice nursing
1033652	what is the purpose of pencil tool
1033249	what is the radius if the diame
1099903	hiouchi ca is in what county
1033092	what is the region for merl luxembourg
1032822	what is the role of petals in plant reproduction?
1032341	what is the shape of the eclipse
1032198	current time in oakland ca
1032182	what is the sodium level in white bread
1031682	what is the surface area of the square pyramid?
1031502	what is the temperature in flagstaff az?
1031173	what is the temperature of water at freezing point
1099865	hmf means
1030722	what is the underlying reason a governmental unit uses separate funds to account for its transactions?
1030451	what is the weather in allentown?
1030381	what is the weather in powell wy
1030378	cwh price target
1030271	what is the weather like in dominican republic
1030230	what is the weather like in germany in june?
1029617	what is tobramycin ophthalmic used for in cats
1029544	what is tracers
1029124	what is upsell
1029031	what is usta
1029003	what is varignon's theorem
1028753	what is walmarts phone number
1028752	what is watamote
1028711	what is wells fargo go far reward
1028598	what is wondershare filmora
1102163	why is a force considered a vector
1099806	honest kitchen foods
1099805	honey in south carolina
1099803	honolulu chinese new year celebration
1026775	what kind of mixture is rocky road ice cream
1026148	what kind of water do axolotls
1024904	what medications are prescribed for vasculitis
1024835	what method of penetrant removal is solvent removable
1024672	decide personal finance definition
1024667	what month does winter start in new zealand
1024528	what muscles could be involved in a rotator cuff injury
1099767	hotspot telephone number
1099756	house for rent in hickory creek texas
1022832	what percent of blood plasma
1099739	ariana net worth
1022410	what platforms is google duo available for
1022359	what political party did abraham lincoln run
1099733	ariat international inc return address
1022022	define alpenhorn
1099726	how a hot spark plug works
1021682	what rights cannot be taken away stated in the declaration of independence
1021318	what school subject are needed to become a registered nurse
1021170	what sea has the island of majorca
1021053	define autoradiography
1020376	what size should amplicons be
1099706	how are internal and external fertilization differ
1020198	what songs do people dance the hora to
1019783	what states made up the union
1019724	what stores are in the manchester nh mall
1019705	what street is nordstrom rack is on
1018056	what time is it in lemoore, ca
1017971	define cyclophosphamide
1017966	what time is the mavericks game
1017773	what time period does mindhunter take place
1017706	what time zone is dayton tn in
1017687	what time zone is gander canada
1017276	define diencephalic syndrome
1016915	what to take to unblock your ear
1016879	what to use for foundation beams
1016676	what town in kansas is home to boot hill
1016583	what tv channel is pga tournament on
1016281	what type of areas do rattlesnakes live in
1016254	what type of beef is used for beef & broccoli
1015307	what type of header do you use for mla format
1014884	what type of material is farberware bowl made of
1014264	what type of seating is on condor
1014242	what type of security do routers have by default
1014210	what type of shot do you get for whooping cough
1013965	what type of wave is electromagnetic,
1013592	what types of walls are used on strip foundations
1013229	what wages does a police officer and a sheriff need
1012865	what was enoch brown school massacre?
1012547	what was stalin scorched earth policy
1012328	what was the great sanitary awakening
1011248	what wheel do parking brake brakes use?
1011021	what year declaration of independence
1011018	what year did andrew jackson beard invent the rotary steam engine
1010670	what year did silver discovered at potosi
1010287	what year was mr. philbrick born
1010057	what years did sonics win championship
1009961	what zone can lambs ear be grown in
1009610	what's an impact drill
1009183	what's the difference between c++ and java
1008951	what's the max dose of xanax you can take
1099495	how did van gogh paint
1099482	how do active transport and passive transport differ
1007673	when and where did paella originate?
1007606	when are loudoun county property taxes due
1007382	when delivering a briefing, confidence, enthusiasm, and body language are classified under
1007242	when did blender come out
1006852	when did fubu start
1006791	when did hhs secretary price resign
1006509	when did moody blues do days of future past
1099456	how do diatoms reproduce?
1005949	when did the movie troll come out
1005888	define radiculography
1099451	as scarce as hen's teeth meaning
1005586	when do atoms become excited
1004949	when does disney streaming service launch
1004921	when does fifty shades freed come out in theaters
1004322	when does the womb of a pregnant woman rise about the pelvis?
1004258	when he was born ben franklin
1004254	when iphone 5c came out
1004243	define spectre
1004233	when is cancer day in greece
1004228	when is champaign il midterm elections
1004191	when is clementine hunter 's birthday
1003831	when is the baltimore orioles home opener
1003695	when is the georgia strawberry pageant
1003603	when is the real id required to fly
1003482	when making a payment what is an aba number
1003481	when must a trademark be renewed
1003319	define the natural radioactivity
1003239	when to repot boxwood bonsai
1003213	when wa american blues originated
1003015	when was ft mcnair established?
1003003	when was grand theft auto four released
1002997	when was guillermo anderson born
1002940	when was iheartradio founded
1002938	when was itsfunneh born
1002737	when was power rangers released in europe
1002596	when was the fica tool created
1002585	when was the first catapult invented?
1002584	when was the first comic book released
1002482	define venosus
1002426	when was the shazam movie released?sadasdasdasdsadasasdasdasdasdd
1002330	when was tv invented?
1002252	when we turn our clocks forward
1002145	when will hummingbirds show up around florida
1002058	when will shopify report earnings
1001397	define: barrage
1000864	where can i find aztec healing clay
1099351	how do utis happen
1000585	where did jaws take place
1000574	where did josiah henson create his afro-canadian community
1000519	where did the ottomans deport the armenians
1000083	define: precipitous delivery
1000006	where does most of the iron ore come from
1000000	where does real insulin come from
999685	where in the earth do faults form
999550	where is andrews, tx
999517	where is baby beach hi
999469	where is bell buckle tn
999439	where is boston georgia
999391	where is bulli creek queensland australia
999086	where is don knotts from
998905	definition do classic
998903	where is grozny
998891	where is henry's plant farm
998680	where is last name hollis derived from
998675	where is lewisburg
998658	where is lima beads located
998417	where is mt rainier
998309	where is najac, aveyron france
998248	where is new river
998246	where is newfoundland, pa?
998013	where is princeton, mn located?
997932	where is roots
997913	where is rovna
997860	where is selah washington located
997808	where is south easton ma
997713	where is the animal foundation located in las vegas, nv
997649	where is the bread plate located
997542	where is the corral club located in reliant stadium
997227	where is the new sheet button in excel
997122	where is the purple wall in magic kingdom
997017	where is the town of pena blanca in mexico
996835	where is uh moores school of music
996805	where is wild creek reservoir
996634	where langston hughes born at
996623	where ostrich live
996272	where was robert anderson born and when
996119	where was walmart founded
995806	which axis in a chart displays the descriptive labels for the data points
995141	which county is knoxville, tn in
994947	which drone does casey neistat use
994830	which epithelia contain two or more cell layers
994688	which feature do gas giants have that terrestrial planets do not?
994478	which heart valve is between the left atrium and left ventricle?
1099219	how does guaifenesin work in the body
994012	which memory is also called primary memory
994005	which molecule is split apart in photosystem ii?
993987	which muscle type is involved in the function of the digestive tract and blood vessels?
993795	amazon consumer services number
993627	which phrase best describes the meaning of the term humanism?
993320	which quarks have a positive charge
992950	which super bowl did colin kaepernick play in
992949	which surgery for crooked nose
992839	definition of curfew
992677	which type of receptor alters the cytoskeleton when its ligand binds to it?
992535	which was one immediate effect
992433	white pine millings in wv
992383	who announced the european recovery program?
992257	who authored desperation
992191	definition of dongle
992184	who composed the return of ulysses
992132	who created an engraving of the boston massacre to increase support for the patriot cause?
992120	who created school for feeble minded
991854	who directed the giver
991761	who founded georgetown university
991471	who invented the tabata exercises
991210	definition of explicate
991032	who is cole bennett
990649	who is fred luter
990526	who is haiti's leader
990459	who is huitzilopochtli
990375	who is jeconiah
990345	definition of futility
990026	who is li ching
1099108	how does your dna fit inside of your cells?
989676	who is parent company for fleetcor
989296	who is sakura haruno
989213	who is scarlett in total drama
988911	who is the current president of the senate?
1102400	why do bears hibernate
988504	who led the push for modernization in turkey?
988416	who moses asaga
988412	who must a company contribute to for a sep
1099072	how far back do employment background checks
988253	who owns mers
988142	who paul clark
988124	definition of lu
988122	who planned caesar's death
1099065	how far deep to plant beet early wonder
987845	who presides over a senate trial trial after a president is impeached
987823	who promoted new south
987822	who proposed a compromise that was rejected during the civil war
987809	who proposed the xy theory
987791	who ran mexico for decades as a dictator?
987644	who said white folks are what's wrong with america
987567	who sang the theme some for the dukes of hazard?
987237	who sings the wedding song on walker texas ranger
987230	who sings unforgettable
987066	who was a doctor tha
986793	who was george w kirk
986791	who was gracie allen married to
986484	definition of out
986316	who was susan calvin in i robot
986068	who was the first man in orbit us
985752	who was william henry preceded by
985736	who was william more
985461	who wrote on eagle's wings
985433	who wrote song can't stop the feeling for movie
985431	who wrote the ffa creed and adopted it
985372	who wrote the wagner matinee
985275	why are bacterial infections common in diabetics
985207	why are healthy microglia important?
985173	definition of product strategy in marketing
984774	definition of quoting
182081	euless texas is in what county?
241405	how long can a pregnant woman carry a dead fetus
197024	greenhorns meaning
186446	ferrous sulfate how many elemental iron
373121	how to prepare jars for canning
240504	how long before female dog shows pregnancy
141353	dept of treasury careers
96379	compressive atelectasis definition
1102088	why is jupiter called the failed star
141694	describe java.awt package
281002	how many days do have in advance of a election to register to vote
353623	how to create one pivot table from multiple tabs
277459	how many calories in fried rice
262974	how long is a typical car loan?
334754	how old is dalton rapattoni
41969	average salary for a geologist
183046	excel what is a pivot table
362845	how to get student loans without a cosigner
164528	does chevy have electric vehicle
284565	how many gram of carbs in eggs?
285158	how many grams of sugar does a banana have
36133	average download speed
293401	how many players on a basketball team play at once
1098909	how is cranial neuropathy diagnosed
176015	driving distance littleton co to ft. collins co
323798	how much jail time is a class d felony
10157	academic cheating definition
89777	centra credit union routing number
97895	contract number piid
149447	differences between bone cells
299350	how many vessels in an umbilical cord
29921	authors definition
323535	how much is trina worth
326417	how much protein do i need women
282530	how many doctors are in the us
357162	how to end your period early
328629	how much time must you give your tenants for an notice of inspection
185009	famous people who was born on pi day
230082	how far do bears homes range in miles?
168238	does lemon make water alkaline
203688	history of interest rates
176994	dynamic link library meaning
222954	how do you lower hardness in pool water?
272500	how long to wait between perm and color
2962	Explain what a bone scan is and what it is used for.
1098763	how long after ovulation does it take for implantation
118365	define biobanks
125996	define pull the wool over someone's eyes
61277	calories per brat
334916	how old is eminem?
136209	definition of menses
92437	cincinnati baseball teams
1098719	how long are you contagious with a stomach bug
372137	how to pay back irs taxes
136098	definition of marginal propensity to save
328814	how much to buy a quiznos
307521	how much do target cashiers make
81075	can you whitewash brick with a color
81137	can young living peppermint essential oil be put in water
339888	how soon should graduation announcements be mailed
234651	how format numbers as social security format
12903	age discrimination in the workplace cases
145821	did you see jackie robinson hit that ball lyrics
176677	during pregnancy, when does the baby get in the head down position
172787	does the p-shot really work
94865	coloring pages numbers
135386	definition of imagination
1098608	how long can you freeze chuck roast
328527	how much time do you get for a family leave act
305361	how much do denture implants cost
128113	define the indirect function in excel
334433	how old is bill gates wife
329901	how much vitamin c does a lime have
1098570	how long did barack obama be president
191536	frappe definition
66281	can dehydration cause blood in urine
1098561	how long did rome rule the western world
49802	belizean cuisine
231292	how far is it from chantilly va to baltimore
273481	how long will food last in the refrigerator without power
244808	how long do dissolvable stitches take
292094	how many people die from snake bites a year?
1098523	how long do i boil potatoes
277632	how many calories in one large baked potato
1098510	how long do international wires take to process?
310853	how much does a pharmacy tech make?
208411	how big do boxers get
132263	definition of an empath
307492	how much do surrogates get paid
333327	how old do you have to be in a wisconsin casino
20671	are a category of sugars that contain either one or two molecules
139239	definition of velvet
96420	computer definition of qwerty
276348	how many calories do you burn during one hour of bodypump
300312	how many words one page double spaced
143464	did boeing move their headquarters
1098354	how long does egg salad keep in refrigerator
8798	_______ is a fuel produced by fermenting crops.
61180	calories italian beef sandwich
153794	distance in miles pittsburgh, pa to new york
209764	how breathing takes place in human
1098276	how long does it take for bruised spleen to go away
146269	difference between a trowel and float
374690	how to reach jamnagar to somnath temple
119534	define coordinate in math
1098236	average age for baby to start walking
119975	define debug
114037	current price of soybeans
1098226	how long does it take for sun to rotate
282397	how many digits are chinese zip codes
1102028	why is the branch of astronomy important
165480	does digoxin affect potassium
279718	how many coats of watco butcher block finish on butcher block
103125	cost of cbs all access on roku
212236	how cricket spread in india
19457	antithesis definition and examples
183874	explain the structure of bone tissue
259128	how long does oxy last
249792	how long does a mild sprain take to heal
232703	how far is williamson ga from atlanta ga
313438	how much does cize cost
23223	are kegels necessary
196453	grammy award for album of the year michael jackson
277701	how many calories in publix chicken tender subway
228474	how does transformer work
154633	dna total number of nucleotides
114638	cva causes
311067	how much does a professional swimmer make
1098111	how long does nicotine stay in your blood stream for testing
195440	gnosticism heresy definition
1098102	how long does priority mail take to get delivered
142411	detox bath ingredients epsom salt
234165	how fast is a saluki
337073	how old should a child be to get in a hot tub
193742	gendered phenomenon definition
132359	definition of anthropology
62136	can a correlational study use regression analysis
85053	causes for swollen ankle
251445	how long does cramping from implantation last
136700	definition of objective in project management
196111	gorm the dissolver
40056	average pay of a cma in idaho
184436	eye rhyme literary definition
265729	how long keep financial records
212195	how could the courts check the bureaucracy
126491	define resit
190078	foods to eat for indigestion problems
323154	how much is the cost of a movie ticket
100046	cortana what is the weather in whitefish montana
57882	cabin fever meaning
1097999	how long is a chinese visa valid
288884	how many miles in altitude is the united states satellite constellation
58801	calgary population
154372	diy stucco onto concrete block
260762	how long for an ach deposit to clear
253965	how long does it take for hemorrhoids to heal
46579	average vehicle length
146244	difference between a spruce and a fir tree
299094	how many units for frown lines
178468	effects hot stone has on the circulatory system
337209	how old to go on a cruise by yourself
1097937	how long is the chinese wall
16559	american car museum in tacoma wa
308687	how much does a breast reduction cost
323555	how much is tuition at msu
226132	how does environment affect health
1097909	how long is treatment for a vaginal yeast infection
1097906	how long is your insurance good for once you are terminated
132104	definition of airbrush
1097894	how long lsd last in urine
1097885	how long nicotine stay in your saliva
185299	fastest cell phone processor
293421	how many players on a women's lacrosse team
39577	average of rn
57614	by what process do lipid-soluble hormones affect their target cells
74356	can tetracaine be used in the ear
310948	how much does a polar bear liver weigh
294518	how many rib eye steaks in a cow
329958	how much vitamin k in pesto
157149	do i really need to separate baby clothes by color before washing?
149853	different kinds of spruce trees
135635	definition of invariant
227637	how does spicy food affect testosterone
113664	curious definition synonyms
88284	causes of severe itching all over body
13397	age not to take off shoes at airline security
214040	how did mali gain its wealth
290632	how many on a water polo team
1097786	how long to bake baked potato?
68832	can i drink ginger tea before breakfast
145877	diesel prices in kuwait
167204	does home health nurse need hospital experience
212634	how deep to make a pool
128166	define the social welfare
1097723	how long to hold old patient charts
1097721	how long to keep cpe records
196596	granulocytes dendritic cells
1097674	how long to wait for dental implant after tooth extraction
169390	does mustard help lower blood pressure
299110	how many units of blood in the body
31222	average august temperatures in myrtle beach
271038	how long to grow a pineapple
1097619	how long would the border wall need to be?
234644	how ford fusion pre collision assist with pedestrian detection works
1097602	how many alcohol in malibu rum
1097585	how many americans are victims of workplace violence each year?
298550	how many times should you feed a doberman puppy
30860	average amount of money stna make
65038	can blueberries make your stool black
448630	meaning of name nairi
459280	most scenic spots in london
757275	what is ied
37952	average interest rate for saving account
451406	medicare advantage cost per month
441409	little caesars italian cheese bread calories
1097537	how many boarding groups does american airlines have
193581	gaussian surface definition
613852	what county is tualatin or in
584695	what causes a man to lose control and urinate
586785	what causes copper in the pool
455776	monosyllabic definition
409143	is education a constitutional right
713360	what is an elp
758074	what is in egg white protein powder
460403	multilateral netting definition
713448	what is an emg/ncs test
450921	median house price for spokane wa
632394	what does argan oil do for skin
543849	weather in copenhagen denmark in may
129229	define workflow process
1097438	how many calories per gram are in fats
448976	meaning of potsherd
756949	what is iboss
719411	what is aragonite used for
114633	cuyahoga county csea phone number
575616	what are the weight an ankole cattle
724872	what is blue nile jewelry?
257885	how long does it take to process your request for ssa retirement benefits?
566335	what are strengths in writing
1101961	why the leaf discs rise when photosynthesis takes place
577930	what audience can you reach boosting post facebook
1097386	how many categories of coverage on a homeowners policy
453220	mexico population policy life expectancy
696404	what is a property of both a solid and liquid
591940	what causes spasms in your knee
577813	what astrological sign is kim kardashian
326629	how much protein is in a lb of ground beef
433220	job applicant definition
47513	average winter temperature in kent co. delaware
557492	what are dartrix evolutions
454018	minecraft how to make a powered rail
1097314	how many cubs do polar bears give birth to
569674	what are the factors in a marketing mix?
172062	does tarrant county assessor figure your taxes on assessed or appraised
721409	what is average mileage on a car
707835	what is activex control
731759	what is cobol
666694	what happens to the boiling point when a solute is added to a solution
701390	what is a static character in literature
614286	what county is warminster in
455659	moneygram toll free number
487279	remit payment definition
510513	tar heel definition origin
538570	vvi airport code
513779	thailand weather in dec
648877	what does sweeping mean in pregnancy
1097242	abid cardiology
462765	nauticus hours
741392	what is drop in baseball bat selection
1097223	how many digits account number wells fargo
709936	what is aluminum sulfate
62554	can a landlord charge more for a another person
715189	what is an indian gaur
395382	indiana baseball coach
1097198	how many eggs do rouen ducks lay a year
710297	what is amex ?
565696	what are some operating systems for computers
495680	shelton wa police phone number
510867	taylor swift rapping
432874	java chip frappucino ingredients
470611	outflow boundary definition
753479	what is hand dancing
412597	is hummus high in protein
674702	what is a bimetallic thermometer used for
401640	is aep regulated
15063	alabama central credit union routing number
511101	teamwork definition for kids
523952	translation definition geometry
569507	what are the eight steps of the troop leading process
548254	wenatchee washington population
695238	what is a podcast livestream
592192	what causes subchorionic hemorrhage
608557	what county is lewisburg
611152	what county is pennsboro wv in?
423608	is shawshank redemption on netflix
671579	what internal temperature should chicken
447540	meaning of crevices
1097040	how many hours is emt
610898	what county is owatonna
407274	is cortana smart???
637208	what does excel isna mean
517245	the meaning of the name irina
648119	what does sni mean
541272	was wilson a good president
517117	the meaning of repeating decimals
557417	what are currency exchange rates based on
513397	terry hayes for governor maine
275355	how many best western points for free night
568841	what are the differences with winter and summer
583686	what cause an itch in inside corner of eye
497107	should you take extra vitamin b12 along with b complex
1096964	how many medical schools in south korea
138640	definition of tangible property
1096958	how many members in the iaca
1096947	how many microgram in a milligram
605169	what county is dixon mo in
428113	is there a difference in mitosis between animal and plant cells?
613214	what county is staples mn in
48417	bait-and-switch advertising definition
1096932	how many miles has pastor arthur blessitt ever walked?
54843	blueberries pint
655057	what does weight watchers charge
512405	temperature in terryville.
478359	population of waukesha wisconsin
445494	mario batali net worth
91345	chemistry amu definition
1096886	how many net carbs in tsp of sugar
679360	what is a corporate bylaws
635058	what does contralateral mean?
333700	how old do you have to be to run for congress
256783	how long does it take to get a va refinance loan?
747345	what is financial leverage ratio
684977	what is a gog cd key
385652	how to use stall bars
488676	retinue define
575268	what are the two varieties of cells
613318	what county is strawberry plains
535743	varicose veins spiritual meaning
1096850	how many patients does texas oncology see?
711682	what is an analyzer in clinical laboratory scientist
643561	what does modern time mean
497132	should you use lead or lag time in project schedules
1096830	how many people die yearly from cars
691507	what is a montadale sheep
697972	what is a residual solvent
616331	what date is the browns training camp
469535	optimum performance definition
650378	what does the greek word kai mean
1101906	why we need bees as pollinators
386653	how to write a mystery novel
512685	temperature of the sahara during day
453270	mia nrt distance
1096794	average kilowatt cost in alabama
558046	what are early signs of menopause?
656371	what education do pipelayers need
672352	what is 5th century bce
477648	population of glendale az
1096776	how many percent of people worldwide have vitiligo
1101902	why were the reaper and steel plow important
685591	what is a google brand account?
336648	how old is taylor caniff
422152	is radiation harmful for a benign brain tumor
634126	what does ceb in ceb inc stand for
45757	average temperatures des moines iowa
696217	what is a product support manager?
448745	meaning of name suri
731545	what is clue
669444	what hormone stimulates the production of sperm gcse
131768	definition of a pest
720261	what is assault in the second degree
477380	population of buffalo
415165	is johnny rivers married
759503	what is instamed
461491	name meaning paige
596088	what city is orange county ca
406974	is compound interest exponential growth
1096667	how many soldiers can i fit in a tent
445573	marketing communication specialist job duties
1096644	how many states did the confederation of the rhine include?
372378	how to pin an app on the start screen
1096628	how many students at mount vernon middle school fortville
288702	how many miles between mobile and destin beach
645604	what does phyto mean
539648	was amelia earhart alone when she crashed
503674	stereognosis definition
1096619	how many sunflower seeds are in one sunflower blossom
505107	sugar and caffeine withdrawal symptoms
397090	intermediate anatomy definition
464484	nighttime hip pain causes
455862	monthly average temperature flagstaff az
745794	what is export preset in lightroom
717763	what is anaphylaxis symptoms
665972	what happens if water sits your lungs
670022	what identification is needed to open a bank account
642352	what does liberal arts consist of
477639	population of georgetown co
669046	what herbs go with salmon
1096543	how many warheads does a peacekeeper have
693447	what is a ozone alert
1096541	how many wastewater treatment plants in us
417080	is maia campbell really on drugs
613233	what county is stedman nc in
567159	what are the antigen binding sites of immunoglobulins made of
1096516	how many words for an introduction manuscript
156215	do expedia prices include tax
693152	what is a np grade
142782	diabetes medication farxiga
1096509	how many years back to the clinton tax returns go
75717	can wisdom teeth cause hearing issues
2	Androgen receptor define
649763	what does the chief administrator do
18840	another name for reaper
627513	what doe the 4th estate mean
457842	most expensive violin ever
753517	what is handwashing phobia called
1101870	willie mays worth
1096475	how many years of college do you need to be a park ranger
440098	limit number of executives on same flight
42361	average salary for high school counselor
1101869	willie robertson's net worth
524835	tristesse definition
82949	carrentals phone number
1096454	how much apple cider vinegar is needed to help clear sinus
453705	miff meaning
65584	can chewing gum prevent heartburn
620992	what disease causes shaking hands
544811	weather in laurinburg nc
1096431	how much beef is eaten in the us
667373	what happens when stop drinking alcohol
518675	the role of the nurse in diabetic foot care
231482	how far is lake como to lugano switzerland
747937	what is floof
450093	meaning of the name rumah
687375	what is a hydromyelia
708781	what is agave?
441128	list of types of antibiotics
1101861	windstream troubleshooting phone number
686469	what is a health safety net
507086	symptoms of baby allergic to dog
539278	war guilt clause effect
613694	what county is tinker afb located in
660999	what foods are high in bad carbs
413079	is insulin given subcutaneous
342156	how thick is a 2x8 board
371420	how to obtain notary identification florida
640232	what does it mean by the right to redress
515185	the definition of development
719488	what is archway publishing
433680	justice definition
358150	how to find a bathroom remodel contractor
212477	how deep is lake ouachita
632625	what does attesting mean
409207	is elastic a fiber?
477309	population of bartholomew county indiana
11050	actress who turned down pretty woman & ghost
448035	meaning of interval
97972	control panel define control panel
19552	anxiety: definition
436475	largest flea market in alabama
648049	what does slough mean
652556	what does the pythagorean theorem do
613179	what county is stafford tx
414714	is it still dangerous to go to the place of where the chernobyl happened
687615	what is a interstim
275049	how many awards did walt disney receive
505541	suprapubic prostatectomy definition
651187	what does the name brunhilde mean
443489	luggage that can withstand airline handling
637576	what does fight tooth and nail mean
249821	how long does a mri of the knee take
506438	symptoms and signs of dehydration in adults
1096207	how much does a permit cost to climb mount everest
499568	smoking teeth oral cancer
624199	what do opm investigators do
600350	what constitutes a rooming house
690606	what is a melamine sponge
574944	what are the toronto tiff dates september
220761	how do water waves form
408563	is dog the bounty hunter married to beth
555558	what are bifidobacterium
601684	what country does fennel come from
675719	what is a budget deficit
368229	how to make agua fresca de melon
734979	what is coronary cta
613727	what county is toledo oh in?
677460	what is a cincture
649200	what does terrorism mean and example
614598	what county is white plains ga
478295	population of tigard oregon
659230	what famous hollywood composer wrote the film music to king kong
611366	what county is placida
88160	causes of roof of mouth soreness
66771	can drinking herbal tea make you lose weight
574317	what are the symptoms of preeclampsia and eclampsia
397592	intranational definition
614409	what county is wauseon oh
525660	turpentine slang meaning
632536	what does assessment center means
618486	what devices use firewire
473319	percentage of cases that settle before trial
605363	what county is east ellijay ga in
697983	what is a resolution by its board of directors
488021	requirements to become a drill sergeant
510444	tan d testing what is
275629	how many brain cells do you have as a baby
1096065	how much does it cost to run for state representative
433415	josephine's feast
464663	nitrocellulose cas number
1096049	how much does nanny cost1096065
542806	weather climate change
758901	what is inductance
533398	us army green beret training
1096045	how much does one roll of duck tape cost
384985	how to use asa documentation
511837	temperature for cooking salmon in the oven
14947	airport code mont tremblant
618979	what did flexner report reveal?
596716	what cleans your liver and kidneys
561448	what are mandrakes
743696	what is emsi??
160735	do you need a license to get a notary
735384	what is county for mcclure ohio
442593	longest punt in nfl
722515	what is basel iii
413905	is it improper to give gifts to your lawyer
724121	what is bioflavonoids
682365	what is a dvt?
77424	can you find emphysema on a xray
221664	how do you cook turkey necks
1095988	how much exercise should i get per day
97612	contact phone number for global entry
1095982	how much fat is in broccoli
478220	population of skagway alaska
458110	most important battle of world war 2
1095966	how much for bitcoin today
583766	what cause elevated liver enzymes
718782	what is anxiety
578783	what benefits does disney company offer
1095952	how much grow light does succulents need
308032	how much do you get paid at build a bear
1095942	how much ibuprofen can you take in a day
409557	is erythritol all natural?
392501	ikat fabric definition
1095928	how much is a bmw car
676454	what is a caret?
123859	define memorandum of understanding
50498	benefits of coconut oil for gout
646623	what does raci stand for?
277556	how many calories in mahi mahi
467612	oasis hospital contact number
437671	largest zoo in the world
739913	what is direct characterization
708438	what is ads usaid
1095899	how much is a sheet of plywood at lowe's
1095881	how much is boston university tuition
638795	what does heat engine mean
547089	wedding venues in dallas
192502	function of spleen in human
1095876	how much is college in florida
540432	was michael jordan a cub scout
140216	definition: classical
1095868	how much is danielle steel worth
699872	what is a shotgun
438455	learn how to fill out income tax return
1095864	how much is derrick rose worth
472448	paychex fax number
543813	weather in cleveland area
282411	how many digits does a vin have
595568	what cisco ios
1095857	how much is fireworks disney dessert
1095856	how much is gas tax on gallon in florida
595236	what chemical process are used to make synthetic rubber
681264	what is a digital perm
1101806	wow essential oil
289276	how many milligrams of ritalin should an adult take
732448	what is committing adultery mean
613870	what county is tumacacori az in
610132	what county is neodesha ks
663771	what geological features are shared by all terrestrial planets
159078	do sports medicine physicians have to go to medical school
153981	distance phoenix to nogales
1095807	how much is sales tax in rancho cordova
173391	does tryptophan become niacin
432161	ismat name meaning
544319	weather in gig harbor, wa
552868	what airport to use to get to tuscany region of italy
435412	lakegirl address
1095787	how much is the card reader through paypal
163038	does amlodipine make you itch
212251	how cucumbers are grown in a greenhouse
91422	cherry dr pepper calories
172608	does the independent or dependent variable go on the x-axis
740624	what is docket management
609024	what county is manchester indiana
508855	symptoms of teething in babies
108037	cost of wooden shutters
717563	what is an unlocked cell phone
649893	what does the constitutional protection of due process mean??
522076	tobira stock price
1095723	how much making a road
393268	in banking what is a consumer
1095704	average salary of a team lead etrade
1095699	how much money did the nra give to ted cruz of texas senate
510229	tabs3 phone number
758909	what is inductive
645252	what does pbr322 do
249866	how long does a pa marriage license last
470001	origin of calvin and hobbs catroon
727779	what is carbonate hardness
472359	paulding oh in what county
754509	what is hemoglobin levels
586790	what causes coronary artery calcification
636949	what does eobr means
444350	mageirocophobia definition
492988	saptco bus schedule
630318	what does a snake bite mean in a dream?
688644	what is a learning objective for teaching toddlers about weather
1095641	how much money is made by donations
681791	what is a doffer spinner responsibilities
682626	what is a epo network
1095631	how much money will americans spend for easter
639412	what does image mean
744109	what is enterprise edition
405737	is cefepime a cephalosporin
665009	what happened in europe as a result of the cooling in climate that occurred in the early fourteenth century?
440802	list of foods that cause diarrhea
422955	is sadie a nickname
506579	symptoms for color blindness
748771	what is fortran programming language
711710	what is an anemic
426504	is the hulk stronger than the thing
632192	what does annual deductible mean
420980	is pigment dispersion syndrome hereditary
641293	what does it mean when you dream of chewing on gum?
94953	columbus iron works
1095557	how much power could i make on exercise bike
1095555	how much protein and iron does fish have
203317	hilton in baltimore
1095542	how much rain does phoenix get in a year
4947	Ludacris Net Worth
605467	what county is edinboro pa in
77034	can you drink water before fasting labs
1095523	how much should a sow eat pounds per day
448123	meaning of last name, harrison
119761	define crusades
547820	weight watchers points for oatmeal packet
544974	weather in malaga spain in april
420867	is phentermine a amphetamines;
415962	is lantus considered an insulin?
384845	how to use a selfie stick
437752	lasik surgery how long to wear goggles at night
744092	what is enteritis symptoms
556307	what are cellular biomarkers
453175	metropolis define
22670	are giraffes the tallest mammals on earth
660803	what foods and spices trigger vertigo
536995	view pay stub
690565	what is a medication administration record intended for
474234	phantom pain definition
438058	lauren london age
638928	what does hiit workout mean
403793	is badminton a sport
663388	what generation is pokemon diamond and pearl
622893	what do electrical relays do?
263670	how long is flight from hyd to dubai
635079	what does cooper mean in england
1095377	how much waste does the average american make
743868	what is endothelial tissue
706167	what is a wellness champion
728060	what is carpuject
1095354	how much will i receive on unemployment compensation pennsylvania
607599	what county is inola in oklahoma in
758519	what is included in a clutch kit
450854	media liability insurance definition
685717	what is a grady white boat?
682205	what is a ds1 cable
686260	what is a ham hock in cooking
736125	what is crossfit?
630391	what does a standard well water test consist of?
14963	airport outfit
393696	in texas what requirements are needed to apply to become a broker
436091	largest cathedral in world
275137	how many babies in a chipmunk birth?
1101761	zarxio what is this medication use
673984	what is a baby horse called?
1095278	average temp in fort worth in march
115930	dcu routing number'
562821	what are overpacks used for in hazardous material
529918	types of standards for frequency generators
139405	definition of western european time zone
611199	what county is perris ca in
588627	what causes hepatomegaly
488825	rex rabbit breed history
477286	population of antigonish
610128	what county is needles ca in
1095238	how old is dr. nowzaradan
563119	what are perennial
1095233	how old is elly tran ha
591993	what causes spots on tree leaves
442377	longest hair
661945	what foods to avoid to increase your bad ldl
146812	difference between coating and laminating
478054	population of paducah tx
327750	how much should you save per month
497536	side effects of baytril injections in dogs
2235	Bethel University was founded in what year
693642	what is a parallax
37685	average income for north salem new york
1095165	how old is ricki lander?
194750	get rid of cellulite fast at home
521801	tissue creep definition
540109	was hocus pocus filmed in salem
749752	what is gabba
584905	what causes a shrinking cerebellum
730229	what is chitosan good for
334558	how old is canada
753040	what is guantanamo bay
532142	unemployment rate honolulu hawaii
422609	is risperdal a mood stabilizer
471007	oxygen deprived blood causes what symptoms
711811	what is an anoscopy for
607855	what county is junction city ar in
746438	what is fasting before blood test
129517	define: entity's
1095108	how old was gary coleman when he start acting
624644	what do ridges in your nails mean
563652	what are prime costs
155086	do azaleas like acidic soil
1095085	how productive is corn per acre
425330	is tb caused by airborne transmission
710914	what is an acl
1095066	how soon before workout to take pre workout
325929	how much oxygen is needed to support life
432680	jamaica how many sq miles
760638	what is ir nursing
667932	what happens with your lips get sunburned
420673	is peppermint good for diarrhea
387662	how was the black death plague treated
136157	definition of meat myoglobin
1094996	how tall is tacko fall
633986	what does carpentry include
1094982	how tall should vent stack be
643359	what does microsoft warranty cover for surface book?
703765	what is a topographical map
602413	what county is amsterdam
392350	ifsc code hdfc koramangala
450788	mechanical errors definition
394095	in what environment do coral reefs form
752700	what is green sticker
707513	what is acha
526984	types of coffee drinks mocha latte
753299	what is haile selassie famous for
433579	jumbo loan definition
743675	what is employer sponsored insurance
525868	two rivers supervisory union
348869	how to change sat subject test to sat
526671	types of business entities
202954	highest salary ronaldo
747985	what is florida villa
614047	what county is van nuys, ca in
1094869	how to pronounce anise
738484	what is dendrochronology
1094863	how to pronounce jai
507934	symptoms of hypocalcemia
691004	what is a migrant worker
80876	can you use text messages in court
559318	what are genetically modified foods impact on society
760512	what is ip?
613755	what county is topsham me
748321	what is fontanelle
490802	russ simmons net worth
414757	is it true cats go away to die
1094825	how to use lilypad
632726	what does awesome cleaner clean
603031	what county is belmont ms in
604113	what county is champlain va located in
702792	what is a tanga
511417	telephone number to elderplan health insurance
722352	what is bargain hunt store
547139	weekly unemployment claim vt
704080	what is a transit visa
694678	what is a photostat
603773	what county is cabazon, ca in
138266	definition of solar wind
725951	what is bro?
559009	what are foragers
565231	what are some causes of vertigo
528117	types of honeysuckle
729672	what is charter bus
129792	define: systemic
684459	what is a gel injection in your knee
689700	what is a macchiato coffee drink
512807	temperature rules cooking for food service
1094755	hudson ohio population
688218	what is a kitchen food mill?
345350	how to become a real estate agent in louisiana
724571	what is blackleg
77491	can you freeze buttercream frosting
1094731	hydrocodone price per pill
728836	what is cefazolin used to treat
608323	what county is laneview va located in
679878	what is a cross liability clause in insurance
1094724	hypotenuse define
633635	what does buerger allen exercises help
430985	is vitamin e considered a blood thinner
748935	what is fraenulum?
712832	what is an awning window
168000	does kia sorento have interference engine
43649	average salary structural engineer
656602	what effect does a deed in lieu of foreclosure do to credit
1094691	ideal culture can be defined as what
521018	time in crested butte co
516413	the hormone that is essential for growth is produced in the?___________________
178859	effects of oxygen deprivation
320051	how much garlic powder replaces a clove of garlic
743708	what is emulation
503390	statute of limitations definition
612846	what county is soldier grove, wi
153048	distance between cordoba and cadiz
92509	circadian rhythm disorders symptoms
540456	was mulan based on a true story
737512	what is data analytic technology?
243712	how long cook tortilla chips
453851	military regime definition
544745	weather in lahinch ireland
1094612	in a/an _______ economy, the production of a wide range of manufactured products becomes more economically important than primary production and a service sector begins to develop. weegy
702855	what is a tarkus
624790	what do sex therapist do
1094605	in chemical form what do subscripts tell you
726098	what is brownfields
535627	vanguard wellesley income
671219	what injection do they give for withdrawal
740416	what is djgpp
94782	color of brake fluid
250228	how long does a stress test usually take
462979	ndola lime address
1094566	in what city lived nelson mandela
447648	meaning of don't tread on me
642032	what does kusum mean
102695	cost of bamboo hr
498478	simpsons what rear first episode
677936	what is a co-op college
396391	insight cuba
711759	what is an ankle dislocation
625782	what do usa flag represent
1094509	in what way did christian crusades contribute to the decline of the byzantine empire
403454	is atenolol used for anxiety
611747	what county is ramah new mexico
555750	what are boot devices?
708517	what is advertisement?
25603	are there bad side effects of htp
709559	what is all considered common stock for accounting
1094469	in which region is sidamo located
391101	idiotsguides tai chi
474419	phimosis medical definition
753214	what is h wave therapy
341317	how tall is samus aran
1094451	independence day was first celebrated in
524848	trivex lenses cost
406923	is commemorative air force contribution tax deductible?
408419	is disorderly conduct a violation
759515	what is instant yeast/bread machine yeast
231298	how far is it from colorado springs to la junta
618408	what device cools
567630	what are the best plants for connecticut gardens
1094406	informa research services phone number
393954	in what county is honea path sc
559771	what are hamitic peoples
1094370	intensest definition
571696	what are the monuments in washington dc
473935	personal involvement definition
1094364	interchange definition
21741	are cold sores and fever blisters the same
339009	how solar cells work science
593792	what causes your baby to be jaundice
440269	lindale georgia is in what county
437291	largest shipping day of year
223165	how do you measure for stair carpet
387603	how was reagans foreign policy designed to bring the cold was to an end
231877	how far is niagara on the lake to hamilton
680373	what is a danish sport
137440	definition of prostration
402075	is alopecia permanent
614069	what county is vanderpool tx in
729173	what is cerebral cavernoma
634412	what does chop stand for in chemotherapy treatments
751797	what is gonococcus
669427	what hormone secretion causes goiter
266760	how long should i boil corn on the cob?
146212	difference between a prawn and a shrimp
1101668	denora anodes
454872	minor scale how many flats and sharps
426622	is the keto diet good for kidney disease
563359	what are platitudes
602652	what county is attleboro ma
753071	what is guatemala main export
543951	weather in danville, ca
584592	what causes a gastric ulcer
403388	is aspirin good for muscle aches
124534	define nfc technology
1094232	is anemia caused by ckd
138223	definition of slouch
524166	transportation to us bank stadium
715508	what is an integrated studies degree
416228	is lenovo better than hp
1094204	is canada a sovereign nation?
649451	what does the atkins diet consist of
611468	what county is pollock pines in
470459	other name for pigeon grass weed
1094175	is doxycycline used for chest infections?
623281	what do hand therapists do
545450	weather in ovett
564707	what are several methods of escape used by cephalopods
753480	what is hand drill
614186	what county is wade nc
281270	how many days for an echeck to process?
715588	what is an interlude
512278	temperature in oslo in september
702790	what is a tanf
760070	what is intervention fees
525467	tump definition
1094081	is minneapolis sick and safe time law
649294	what does the abbreviation cc mean in an email
591026	what causes prostate stones
537301	virginia corporate income tax due date
537995	vittorio cottafavi
405985	is chatham ct incorporated
427340	is the sheboygan clinic open
34015	average cost of maid service
639084	what does hortensia mean in english
699837	what is a short term study abroad
199442	hba1c normal target ranges
681944	what is a double acrostic puzzle
728110	what is carvedilol used for
610425	what county is north fork in
605651	what county is emmett ks in
720013	what is arzoo
582848	what can you recycle for money
545847	weather in santiago, chile celsius
483241	protein diet definition
759021	what is inference example
1093962	is tempera paint non toxic
1093959	is testosterone controlled
680324	what is a dachshund
700618	what is a socket address
22479	are florida mangroves protected
507221	symptoms of bulging cervical disc
1093920	is the process in which we detect physical energy in the environment and encode that energy as neural signals.
609628	what county is mitchell south dakota in
270520	how long to fast before stress test
1093915	banget meaning
712545	what is an atm used for
541274	was winnie the pooh a boy
479525	prefix root and suffix definition
106125	cost of pet snakes
400311	is a lower ph level better in drinking water
1093901	banglalink helpline number
599524	what company makes boniva
575407	what are the u.s. senate responsibilities
605648	what county is emigrant mt in
487569	rent in amsterdam prices
633994	what does carte blanche mean
1093855	is vilazodone a ssri
744261	what is eod mean
392905	imperfect fungi definition
536654	vestibular hypofunction definition
18759	another name for freestanding sculpture is ________.
984770	where is humana by westgate in glendale az
978802	where is browerville mn
775343	what is nassau hall
841165	what is the process called for exchanges gases between body and air
870861	what kind of sword does Strider Hiryu use
1047012	who played miss kitty in gunsmoke
1093791	bara properties inc
858421	what is two factor authentication
1093786	barbados: history definition
1093781	java what is a short
930534	what's in pico de gallo
1003445	where was steeler joe greene born
934134	what's what caused the dark ages?
912898	what type of infections causes protozoan
961950	when was the northridge california earthquake
772928	what is moca
17884	anchor hocking phone number
845892	what is the science of studying the past cultures through objects
1093750	jonas brothers how ,
787784	what is provocative allergy testing
1093732	judith e. burgess, md npi number
783277	what is ph of bleach
148564	difference between router and firewall
936273	when can eviction proceeding start on a rental
987486	where is matheson colorado
884870	what part of the body a serous membrane
998941	where is tri state college located
1020915	which term describes a reduction
900924	what temp do you cook pork chops on in the oven? and for how long?
961255	when was the first united states quarter minted?
234114	how fast is a dixie chopper magnum
887906	what position does james rodriguez play
814964	what is the definition of experience modifier
925571	what would happen if you start car without maf sensor plug connected
944700	when do symptoms of seasonal affective disorder start?
1011860	which is stronger hydrocodone or oxycodone
1028131	who has absolute monarchy
1093650	kyna name meaning
988169	where is montana usa
870422	what kind of salt to use in a salt grinder
960397	when was the broken road written
852037	what is the type of glycosidic in maltose
921173	what was the length of the titanic
983708	where is graycliff cigars based
804197	what is the advantage of sexual reproduction
988269	where is moravian falls
1070361	why is government necessary quizlet
804905	what is the annual fee for spirit
944949	when do used car prices drop
1093570	largest firms in china
1037407	who is rashida jones related to
837181	what is the nutritional benefit of flax seeds
1093561	battle of gettysburg how many troops
303934	how much cost to become a ultrasound technician
1093556	largest onion producers
1093552	largest oyster ever
817597	what is the difference between graduate and undergraduate
1078198	wind power requires how many acres per megawatt
773155	what is molting in science
1023850	who are in the eagles
227317	how does programmatic buying work
956993	when was burke's law
202081	highest dose of glimepiride
1093481	leaf miner definition in horticulture
253966	how long does it take for herniated lumbar disc to heal
1051886	who sings the song animals animals
1093462	legal guardianship of a minor meaning
301777	how much  is state gas tax in florida
778139	what is nrn
831474	what is the meaning of service tenure
122807	define insouciantly
822859	what is the function of the microphone
53897	biological culture definition
66908	can eating cabbage help you lose weight
992618	where is seneca south carolina?
981006	where is danvers, ma
944231	when do ligament pains start in pregnancy
1093419	limp meaning
790536	what is relaxation training techniques
1093410	linton in zip code
1081569	youngest actors nominated for oscar
824371	what is the hawaiian word for dog
837375	what is the official website for the irs?
270140	how long to cook sauerkraut and fresh kielbasa in slow cooker
897476	what state has the easiest bar exam
959083	when was niagara falls created
856171	what is tipm
988988	where is navy seal museum
29089	at what temperature is rump roast done
1093322	longest-tenured cast member of saturday night live
1003329	where was salem's lot filmed
373209	how to present a project charter
1004940	which airport in nevada for grand canyon
1003884	where was the mlk speech given
828588	what is the literal meaning of linguini
947785	when does switch get released
1101576	dialysis long term effects
1004199	where was tupac shot on his body
934223	what's your favorite pet
866139	what kind of account is dividends?
804103	what is the actual us independence day
827791	what is the lcd math
1009109	which environment would be likely to produce a black shale?
1101567	diamondhead lake is in what ia county
1093238	maluma height and weight
776122	what is nerve agent vx
894610	what side of the car should a car seat be on
891082	what removes plaque from arteries
917489	what vitamins you need while breastfeeding
321918	how much is derek jeter worth
944245	when do lunar eclipse happen
1093202	markdown meaning
1093200	benefit of curved screen tv
983299	where is george michael buried
973731	where does qatar fly
844390	what is the ring in the hobbit
1093179	marvin's room cast
1047152	who played rizzo
1093172	mastercard stock prices
971213	where do morel mushrooms grow?
825948	what is the indian name for salacia oblonga
766769	what is lomotil adult dosage
910818	what type of cancer did jim kelly have
339934	how soon should you send out wedding invites
89143	causes stomach bloating women
1022577	which ventricle of the heart has the thickest myocardium layer and why
788851	what is qualfon
872347	what language does trinidad speak
998834	where is toubkal mountain in africa
206806	how a cars manufacturer date
989108	where is new hope alabama
977467	where is avril lavigne from?
1093094	benefit to prostate massage
42568	average salary for public relations manager
914545	what type of shelter does a roadrunner live in
1093082	meaning of copper for a policeman
871376	what kind of workout is pure barre
1046648	who played fiddle for boxcar willie
155041	do artichokes contain niacin
1093064	benefits at wahiawa general hospital
314307	how much does it cost for a concrete driveway
983499	where is gold located with the earth
1093031	benefits management fairport, ny
1064140	why do babies fight sleep
841665	what is the properties of breadfruit flour
975775	where in the genes is the disorder located
957607	when was explorer of the seas refurbished
1093006	meaning of maturity for loan
28352	at what age does a colt become fertile
870348	what kind of rock is serpentinite
800987	what is sunchoke
61531	campagnolo bikes
134239	definition of electric field
855546	what is theta burst stimulation
892454	what school district is santaquin in?
57270	burning libraries
994112	where is tea tree oil from
1029016	who invented the first camera
1092952	meaning of stinge
762652	what is jupiter's core composition
862345	what is wdm
904542	what time does sams pharmacy open
978605	where is bradley, il
912879	what type of infection can you get from broken skin
872081	what language do the minions speak in despicable me
1010277	which greek deity was honored with a towering gold-and-ivory statue inside the parthenon?
778095	what is npt standard
850236	what is the temperature in in in pleasanton usa?
1092911	meaning of yay
161828	does LOS ANGELES have buses or metro
837202	what is the nutritional value of oatmeal
910777	what type of business is walmart
889104	what program is syntphelper
839128	what is the ph of water mean
848100	what is the standard mounting distance of a toilet
1092870	median housing price in missoula montana
1056548	who was the lone survivor
1092863	medical definition of oligohydramnios
991894	where is rossiya airlines located
1092858	medical meaning of pec
993234	where is south la
307008	how much do psychologists earn uk
928478	what year was the maastricht treaty
868525	what kind of gloves works for self tanners
1092822	medications for oppositional defiant disorder
809556	what is the bovine growth hormone
801907	what is table associated for draw originals in sap
348136	how to change a bathroom water valve
1092796	meller candy calories
776080	what is nephrology definition
877161	what medical conditions make your skin feel like it's on fire?
313262	how much does braces cost ?
987978	where is miralago
1017775	which prefix means toward
808746	what is the best used by date
809798	what is the butler's name in the addams family
933236	what's the temperature in tucson arizona right now?
795991	what is siam
1003299	where was roy clark born
999555	where is viera, fl
96602	concomitant, definition
930721	what's monogamy
979054	where is caba
1092756	methodist mckinney hospital phone number
1092751	metrocast phone number
783098	what is persuasive essay
881723	what network is the americans on
915544	what types of earthquake waves usually cause the most destruction?
1033912	who is jack valentine
786786	what is priority pass
1092724	midland states bank aba number
69871	can i use 10 volume developer with permanent color
968608	where did edison set up his first laboratory for research
1092715	military caisson definition
1079868	world's largest bass caught
952452	when is the best time to take priligy?
992652	where is setaf headquarters
926019	what year did california girls-beach boys come out
985644	where is kashi china
880527	what nationality is aaron hernandez
950355	when is flipping out next season
1063177	why did spock die in wrath of khan
190601	for how long is chickenpox contagious
1078920	women benefits from taking dim
850957	what is the theme song
913579	what type of music is stevie wonder
935358	when and where do the lavender fields bloom
63548	can a yeast infection cause swollen bumps
884533	what part is the sigmoid colon
260853	how long for broken shoulder to heal
1026372	who did colton haynes play on arrow
1052717	who started the tesla car company
354222	how to deep fry fish?
807880	what is the bcbs anthem insurance
1092543	most common symptoms of depression in teens
960302	when was the battle of lexington and concord fought
1043702	who make kenmore ranges
1092528	most decorated american skiers
1092517	benefits of hemp tea
944451	when do pools open in las vegas
971729	where do the makah tribe live now
1040353	who is the girl in old navy commercial
885081	what part of the cell does glycolysis occur
911032	what type of chemical bond is found between paired bases of the dna double helix
196720	graveyard shift meaning
792688	what is rthdvbg
333579	how old do you have to be to have a twitter account
1092474	most popular depression glass patterns
865476	what it means when delta g is negative
1031456	who is city market grocery stores owned by
1044041	who makes jammy dodgers
1092450	benefits of keto salts
820161	what is the elevation of white pass in washington
961097	when was the first nba game?
883282	what organ produces enzymes that can digest fats
1078491	winn companies salaries
894161	what should you eat if you have a hernia?
859669	what is usaid
912992	what type of isolation for bacterial meningitis
897981	what state is the city evergreen
1050747	who sings arabian nights aladdin
1092416	mothball meaning
970152	where did wD40
891498	what risks are associated with protein overconsumption
901355	what temp to roast brussel sprouts
865971	what kills ants home remedy
767248	what is lumbar spondylosis?
910150	what type of account is valuation allowance
990197	where is parry sound
1050253	who sang the song i had the time of my life
1092342	naivety meaning
991064	where is provo river
814282	what is the ddc
212303	how days is the safe periods
1058165	who wrote dear john song
1092297	names of tundras
998093	where is the trailer park boys set
973362	where does lice come from
886332	what percentage of the body is blood?
975688	where in philadelphia did kevin hart grow up
796383	what is simplicheck
1092263	nebl coin price
132151	definition of alternatives
267566	how long should you rinse your eyes in a safety eye wash
1092257	negar meaning
62055	can a chiropractor treat a herniated disc
952445	when is the best time to take iron pills
1092238	net worth for rupert grint
986932	where is lucas black from
272075	how long to saute potatoes
959034	when was napoleon in holland?
814699	what is the definition of an erection
995443	where is the enzyme lipase
991241	where is quincy market in boston?
1092176	norm definition?
189355	foods that ease arthritis
83458	cast of movie cowboys
1073721	why ph levels are important in hydroponics
878840	what month is the winter solstice
1092162	north pole temperature surges
1092161	northampton county tax department pa phone number
855725	what is this summer period?
1058425	who wrote just one look at you
1031999	who is davy jones locker
1062457	why did franklin d roosevelt launch a new programs during his first hundred days in office
72809	can prozac cause nausea
922389	what was the result of pearl harbor attack
1003334	where was samuel l jackson born
47270	average weight for a pug
917536	what voltage is used in switzerland
840445	what is the prentice-hall corporation system, inc.
1092093	number of people ditching their landline
996301	where is the kingdom of kush?
975495	where heat pumps are commonly used
66389	can dermatology fellows prescribe?
908237	what to use to take rust out of clothes
156723	do hulled strawberries need to be refrigerated?
887392	what plants go well together
900696	what team was shelton benjamin a part of wwe
1007875	which county is greenwood indiana
801478	what is sweetfx
54307	blackmail definition
922593	what was the significance of the encomienda system
1092042	benefits of vitex agnus
849245	what is the sunset strip
820899	what is the fastest a plane can go
1019830	which state speaks the most spanish
1042399	who is tom cavanagh?
992340	where is santa domingo
839488	what is the plural of kohlrabies
1092023	old dominion university tuition cost
840053	what is the population of pakistan
845790	what is the sarkeys foundation
1092013	omega number
187818	flash definition
224548	how do you wrap a sari
1102330	why do people grind teeth in sleep
1092007	on what date did the japanese launch pearl harbor
763619	what is kodak real name
1058140	who wrote creep
798883	what is spoofing in the context of it?
786375	what is preoperative clearance
1091983	operation did not complete successfully because the file contains
862701	what is what is the fastest car in the world
1091973	benson radiology
942354	when did the transformers cartoon series come out?
842272	what is the purpose of buttermilk in baking
935707	when are mushrooms in season
1001381	where to find bath salts
813899	what is the current sales tax in contra costa county
257018	how long does it take to get mars from earth
155700	do clouds form in the vab
1101434	different colors of sea urchin roe
890890	what region was rome in
119089	define cleft
114573	customer service number for atmos energy
880766	what nationality is male name ish
897953	what state is st. cloud in
870693	what kind of specialist is a colorectal surgeon
924047	what were the first coins made of what material
860573	what is venator
1091923	berkheimer tax administrator phone number
102627	cost of attending kennesaw state university
912234	what type of fire extinguisher is best for electrical equipment
1011003	which iphone has the portrait feature
824542	what is the height of a bus
82379	captain of israel's host
990784	where is poole kentucky
1076030	why was title ix created
794625	what is secession
200062	health services administration salary
922024	what was the potsdam conference
974670	where does the name nadia come from
825583	what is the ige antibody
870544	what kind of shoes do you wear with skinny pants
1091811	patricia longley alaska
800652	what is subsidized vs unsubsidized
900599	what team does will johnson play for
1091807	actress who played rosario
803237	what is terminal velocity for humans
815243	what is the definition of my monologue
936182	when can a temp be taken on perm
1091786	between where is istanbul
98847	convert oz to gallons
1065118	why do my eyes have mucus
906126	what to call a graduation speech
775457	what is natural language processing definition
892224	what salary does comcast pay for an administrative assistant
991419	where is redford michigan
1058284	who wrote good will hunting
134861	definition of galvanized conduit
351820	how to convert voice recording to mp4 samsung galaxy
947466	when does revolutionary war end
287912	how many lives were lost in the rana plaza
963788	when will i start puberty quiz for girls
830551	what is the mayor of torrington ct salary
272047	how long to roast whole.chicken
837740	what is the ops stat for baseball
982348	where is eunice nm
946631	when does harbin ice city end
1062603	why did italy attack ethiopia in 1935
773858	what is mozerella made of
1091719	petrol price in pakistan
998062	where is the total solar eclipse visible
765147	what is legal outside counsel
987657	where is melaleuca field?
214771	how did the Battle of Ortona happen
1091681	phone number for comcast customer service.
987100	where is magma found within our earth
874691	what major do you need to be a veterinarian
888777	what produce the fibrous protein keratin
1048995	who proposed the geocentric theory
938963	when did hugh glass die
1091667	phone number for groupone healthsource
1056850	who was the stig?
1026789	who directed hostel
917283	what vitamins do white onions have
938066	when did dc comics start
1091643	phone number for the springhill
928567	what year was the rapid city flood
873914	what level is blood pressure too low
910870	what type of car was ms sally in cars
987720	where is meriden ct
1037341	who is quinn of ny
915305	what type of work does caption call do?
800243	what is streak
859229	what is university of sioux falls federal id number
771170	what is mercury's orbital period
816893	what is the difference between an indictment and an information
1079888	world's largest goldfish on record
897240	what stages of the cell cycle do the nucleus and its content divide
918324	what was first tv show to show married couple sleeping in same bed
196963	green card meaning
815618	what is the definition of the flowers ovule
1091535	pollyanna definition
128633	define unadjusted trial balance
989644	where is oheohe street
1091529	polystone uhmw weight
1029681	who is adia
879657	what muscle does isometric shoulder flexion facilitate
907334	what to eat to lower your blood sugar quickly
1101394	different types of thumb surgery
925766	what xbox services are down
818842	what is the difference in psychology and sociology
900164	what system does straight talk use?
900077	what symptoms are associated with black mold
1032011	who is dean heller?
948532	when does transformers the last knight is coming out
863112	what is windows shell experience host process
251172	how long does chicken tortilla soup last in fridge
1091479	population of greater concepcion, chile
988149	where is monroe washington
1051095	who sings hey good looking
1091471	population of jabodatek
831871	what is the meaning of the word merci
1091467	population of little falls nj
1091461	population of minot afb
873886	what level does zubat evolves to
912899	what type of infections will bactrim treat
38946	average money market interest rates
961705	when was the little prince book lished?
860071	what is va abbreviation
77391	can you file bankruptcy separately if you are getting divorced
772129	what is mid-century modern
47588	average wpm typing speed
1021446	which transaction is a deposit
933861	what's the weather of qatar?
143025	dianna dahlgren net worth
831815	what is the meaning of the term erythrocytes
920218	what was the final score between the cavs and the warriors?
1091384	price for used shipping containers
1052427	who starred in north to alaska
765583	what is liberty of london fabric
1042488	who is trc cos inc
886382	what percentage of the world is starving?
836832	what is the normal range for urine sodium
1073980	why should i have my adenoids removed
853471	what is the weather in death valley
1049221	who recorded the song still the one?
1033759	who is in mr mister
1019405	which soils are prone to erosion
785721	what is postulate in algebra
998223	where is the uvula located in the mouth
1058100	who wrote california dreaming
973917	where does spermatogenesis occur?
933742	what's the weather like in billings montana?
175625	drainage rock average cost
1020999	which term is also known as urge incontinence?
1047592	who plays archie's mom on riverdale
870875	what kind of tail does coyote have
321951	how much is donald trump jr worth
1023838	who are harrison ford's children
855031	what is the zip code for helena mt
958993	when was mt. st. helens last eruption
954711	when should sutures be removed
238886	how long after deck wash before staining
149670	different art tools to create a painting
1045203	who owns cnn cable news network
117728	define anomaly
936501	when can menopause start
1091206	putrescine definition
769085	what is maven dependency
904727	what time does walmart pharmacy open?
1052610	who started filled a patent on an electric vote recorder
864905	what is zip code for fischer park in new braunfels texas
798469	what is special about starfish
1037881	who is ronald h brown
326410	how much protein do i need on weight days
970830	where do hormones come from
786674	what is prime rate in canada
1091173	quotes what is a gre
1000509	where is ymca kimball camp located
924844	what wine goes with corned beef
909506	what tv channel does the lottery
1091158	binomial factor definition
1091153	raison d'etre meaning
261652	how long has aspire public schools been around
1080495	wpm average speed
956624	when was alice walker born
815320	what is the definition of pessimistic
1091112	redux phone number
1057757	who won ct election
938140	when did disney make beauty and the beast
996042	where is the house of myrtlewood
869891	what kind of party is the cooperative party
879150	what movements strain the trapezius
883861	what oscars has denzel washington won
790178	what is reentry court
781877	what is pataday drops used for
893642	what should a single sauna's temp be set at
993876	where is sweetwater tennessee located
91790	chili's pork carnitas calories
828093	what is the length of a runway
1091048	retaliatory define
898631	what station is near river street in hoboken, nj
829050	what is the lowest point in netherlands
874827	what makes a baby mottled
865660	what job can you get with a degree in art education
979713	where is chandler texas
36388	average family savings account
984075	where is hamvir's rest in skyrim
1022762	which vitamins are important
918424	what was grenfell
1101347	discover meaning in english
879155	what moves around on the asthenosphere
980726	where is crestwood village, nj
832188	what is the median nerve at carpal tunnel
762455	what is jokull journal
838116	what is the origin of the word punk?
90209	chagas early stage symptoms
1032074	who is deputy director andrew mccabe
764691	what is lavf
863817	what is xanthan
21603	are chia seeds safe to eat pregnant
885184	what part of the horse hoof is the horn?
994311	where is the aba number on a check located
813193	what is the county north randall oh
1055921	who was the first black to be elected into public office
1090965	routing number on kinecta checking account
1090961	royal enfield stealth black price
775138	what is name of a korean karate uniform?
1090945	ryder phone number
935362	when and where does the glass castle take place
999641	where is volcano california located
772864	what is mmt in orthopedics
948829	when elvis met nixon
989543	where is oakalla texas
932639	what's the official language of qatar?
835206	what is the name of the guy who plays firestorm on the flash
804996	what is the anthem zip code
993544	where is steger, il
220495	how do the roots of an avocado tree grow?
782253	what is pdf a
974220	where does the eiffel tower place?
942915	when did vhs tape come out
1000951	where on the map is macedonia located number
917022	what vitamin is lacking in elderly women
193422	gas price in mount gilead oh
953332	when is the rainy season in costa rica
969023	where did most greeks settle
1053997	who was foreign minister molotov
1068924	why hemorrhagic disease tests due to vitamin k deficiency in infancy
1090861	schizandra berry dosage side effects
972064	where do you feel contractions
786477	what is presidential reserve with wyndham resorts
773924	what is mpv on a blood test
1090842	scriber definition
1077000	width of tissue paper rolls
1090839	adam bossov
1001981	where was anthony hopkins born?
355458	how to divide scientific notation
1035861	who is maryam mirzakhani
774866	what is myfortic
1071061	why is kinder gelt provide to german families
1029694	who is aduro company?
153739	distance from uranus to earth
841980	what is the purpose of a lesson plan
997872	where is the sugar bowl
1090758	shane net worth
789997	what is recommended water pressure for a home
792789	what is rumination syndrome
857943	what is trump
49943	benefit administrative systems insurance
1027865	who founded general electric company
978259	where is blackbeard from
993501	where is stanton michigan
851813	what is the treatment of throat voice box?
1090730	shopko kennewick address
995212	where is the cumberland river
818798	what is the difference in a c corp or s corp
878817	what month is the balloon festival in new mexico
833268	what is the monthly cost of hulu
1090701	side effects for diclofenac topical
1090700	> what is powershell
867490	what kind of doctor is dr. nassar
898318	what states are reciprocal with massachusetts
323592	how much is unemployment benefits massachusetts
140367	degenerate matter is formed when
843409	what is the real color of saturn
1064155	why do bad smell come from mouth
816483	what is the difference between a medical doctor and a doctor of osteopathic
348994	how to change the color of facebook comments
205741	hot air balloon festival in maryland
240584	how long before insulin takes effect
264284	how long is peak time for morphine
38608	average loan payment for car
275534	how many books did montag steal
1090613	slainte - meaning?
126821	define scooped out
259781	how long does telkom take to upgrade adsl line
322211	how much is it to attend harvard university for a year
247717	how long do you cook pork tenderloin in oven
50833	benefits of green tea and cinnamon
340006	how soon together for epidural injections
326190	how much pocket money for a week in singapore
99461	cooperative building definition
108287	cost per person for ptsd treatment
1101303	do alcohols such as vodka contain water?
153588	distance from lga to jfk
156688	do hormones diffuse through the membrane
21793	are concierge medical fees tax deductible
1090558	someone definition
328072	how much square footage per employee
1090542	sorcerer definition
8701	_____ is the ability of cardiac pacemaker cells to spontaneously initiate an electrical impulse without being stimulated from another source, such as a nerve.
53109	biggest german shepherds
49234	bay rum scent
166111	does excessive spinach consumption cause kidney stones
133977	definition of dignity for kids
1090472	sprint family locator price
169305	does motion sensor device have camera
137508	definition of purse
186063	federalism theology definition
289586	how many ml a day should you drink
277737	how many calories in skyy vodka
81649	cancer of the stomach symptoms
56188	breathing in dust symptoms
36703	average gas prices in ga
56993	building block definition
25344	are the chemicals in instant coffee?
141185	department of labor sedentary definition
98151	convert acres to sq. ft.
300306	how many words make up a page
1090400	stellar lumens price forecast
149161	difference between watt and hertz
176701	during the depression what percent of american workers were unemployed
1090388	stevie wonder worth
206819	how a fire tornado forms
165135	does crestor cause a cough
59654	calories in a flour wrap
208198	how big are hedgehog litters
1090377	booth mba cost
206762	how  to prepare ground lamb
1090358	strophe meaning
65627	can children have medical marijuana
331141	how muxch do cdl endorsement tests cost
160694	do you need a degree to be a gym teacher
1090311	sustained definition law
292225	how many people died in the molasses flood
290091	how many movements in beethoven's moonlight sonata
247194	how long do you bake muffins
195199	glioma meaning
