0	what is non controlling interest on balance sheet
1	how many episodes are in chicago fire season 4
2	who sings love will keep us alive by the eagles
3	who is the leader of the ontario pc party
4	nitty gritty dirt band fishin in the dark album
6	converting stereo signal to mono signal is called
7	in order to prove disparate impact you first must establish
10	when is the new tappan zee bridge going to be finished
11	who recorded i can't help falling in love with you
13	when did they stop cigarette advertising on television
17	when did the us take over wake island
18	when did american two party system began to emerge
19	where are the mitochondria located in the sperm
21	how many seasons of the oc are there
23	how dose the poet present death as a voyage in crossing the bar
26	2. what are the reasons states impose protectionists policies on other countries
27	where are they building the new raiders stadium
28	what event provoked congress to propose the eleventh amendment and the states to ratify it
32	what are bulls used for on a farm
40	when was theme from a summer place released
41	when does jenny humphrey come back to gossip girl
42	when did athens emerges as wealthiest greek city state
45	who invented the frisbee and how did it get its name
46	who plays v on orange is the new black
52	who sang in the movie i walk the line
53	where did aeneas go when he left carthage
60	when were the winnie the pooh books written
61	where does the electron transport chain pumps protons
64	where is the slide placed on the microscope
65	when was the seat moved to the capitol
71	a justice of the supreme court may write a dissenting opinion to
74	who named all the animals in the world
75	how long do nhl players stay on waivers
76	what year did the price is right first air
79	who sings jungle book i wanna be like you
80	which best describes timbuktu under the mali empire
81	who sings two pints of lager and a packet of crisps
82	when did the apple iphone se come out
83	where do they put the tomb vampires in order to burn them during founders day
86	how many super bowl games has the patriots played in
92	when is the haunted mansion nightmare before christmas
94	who sings it's my party and i cry if i want to
97	when was you'll never walk alone first released
103	who did puerto rico belong to before the u.s
104	when does panic at the disco album come out
107	who sang on great gig in the sky
112	when is the last time the dolphins went to the superbowl
114	what is the concept of unfair labor practice in labor code
116	who was the last nba player to get drafted out of high school
119	where does transduction occur in the auditory system
121	how many kilometers of great wall of china
122	what is the name of the restaurant in seinfeld
124	when did the log flume closed at alton towers
126	where did little mix come in x factor
129	who was the declaration of independence written for
130	what is the center of heredity in a cell
131	when did the first immigrants come to hawaii
132	who coined the phrase let get ready to rumble
133	who played the first nfl thursday night football game
134	how many different kinds of pokemon cards are there
136	who sang the theme song for laverne and shirley
139	who created the very first adhesive postage stamp and what year
140	do you cut cards to the left or right
141	who were the first settlers in san antonio
142	who were the members of the traveling wilburys group
147	how did the federalists and anti federalists compromise
148	product-market fit means being in a good market with a product that can satisfy that market
149	where do kidneys for kidney transplant come from
150	the cross section of a stem of tree has 50 rings what is the age of the tree
151	what is on a mcchicken sandwich from mcdonalds
154	what year did the golden state warriors win their first nba championship
155	where did the phrase pop goes the weasel come from
158	ranjit sagar dam has builded over which river
162	what is the average time in hospice care
164	who won the american league pennant in 2017
167	what is the population of the tri-cities washington
168	how does one become a member of phi beta kappa
171	who sang the song i think we're alone now
174	what is the meaning of https //
176	what do you need to know about net neutrality
177	who plays the little girl in jurassic park
179	where in the constitution is the executive branch referenced
180	when is the second half of vikings season 5 coming out
181	• when is a spearman correlation meant to be used instead of a pearson correlation
183	which gene segments code for the variable region of the heavy chain
184	sri lanka belongs to which part of asia
187	who sings gimme some lovin in days of thunder
188	how many episodes of greys anatomy season 14
189	the road that connects the tombs is called
190	where can you find blue bell ice cream
191	who proposed evolution in 1859 as the basis of biological development
192	does the jungle book take place in india
194	what is the function of the semicolon in a c statement
197	where does summer of the monkeys take place
199	why was the statue of liberty given to the us as a gift from france
200	when does ellen's new game show start
202	what is the meaning of the book of proverbs
205	which body part(s) occupy the greatest portion of the primary motor cortex
206	active transport performs which function in a cell
207	who was fighting in the civil war in england and about what
208	who wrote the song what child is this
210	what is the use of silvering the walls of thermos flask
211	when did the eagles last play in a superbowl
213	who won the most mvp awards in the nba
220	who was the grandfather on the cosby show
225	when does a company decide to split stock
232	who opens the church of the holy sepulchre
234	what is the song ticket to ride about
235	when was how deep is your love released
237	is carbon tax an example of a pigovian tax
238	where does creatine come from in the body
239	what happens when iron reacts with oxygen and water
245	why is the ball and stick model not a true representation of the structure of an ionic compound
246	where does the lincoln highway begin and end
248	who sang never gonna let you go
250	what is the function of red bone marrow
255	the golden age of india took place during the rule of the
256	when is the world consumer right day celebrated
257	what is the purpose of a jake brake
258	when does an x sound like a z
261	who sings i feel love with the blue man group
263	what was the meaning of the song puff the magic dragon
264	the type of display that google glass presents to its users is called what
266	who is the world war 2 memorial dedicated to
267	who won the battle of the first battle of bull run
274	who failed the boards on grey's anatomy
275	where did the battle of corinth take place
278	where does the sun lie within the milky way galaxy
279	country song when we get behind closed doors
280	the cold dry winds that blow over northern india in winter are called
283	what category was hurricane charley when it hit florida
284	what are the different types of train cars
293	when did toyota start making cars in the us
294	who was the oldest man elected president of usa
296	who was ursula the sea witch based on
300	what percentage of global man-made co2 emissions comes from worldwide aviation
304	when did marathon change its name to snickers
305	how does montgomery died in the island of dr moreau
306	what were the results of the development of florida's railroads
308	a synonym for the content component of communication is
309	the initial unification of upper and lower egypt took place during which period
310	where is the new football stadium in atlanta
311	where do the sharks play in san jose
314	marc anthony my baby you dedicated to his daughter
316	love me i'm a liberal song meaning
318	who represented the state of tennessee in the scopes trial
322	is kermit the frog part of sesame street
324	who won the battle of britain in ww2
327	what river is associated with the city of rome
330	how long do former presidents get secret service protection
338	for complaints of sudden chest pain patients should take a
339	where is the majority of phosphorous stored in the environment
341	what is the name of the first earthquake early warning system
349	who played bailey in the sisterhood of the traveling pants
353	what were some accomplishments of the han dynasty
354	what type of data is provided in a knowledge base
355	what is an open university grade 3 pass
356	what happened to regina's mother on switched at birth
357	what episode of pll does jenna get her sight back
360	where do green tree frogs go during the day
363	what is the main industry in the canadian shield
364	how does the us government form a more perfect union
365	what makes a mini bike a mini bike
368	who is usually appointed as the chief justice of india
370	what is the origin of the name marvin
371	where did immigrants enter the us on the west coast
373	how many episodes of sabrina the teenage witch are there
375	what is the lead singers name of staind
378	the heart muscle is stimulated to contract by electrical impulses which are generated where
381	who sang my bucket got a hole in it
382	what is the main difference between lymph and interstitial fluid
384	where is creatine phosphate found in the body
388	when did the cubs won a world series
389	india's first arctic research station set up in 2008 what is the name
390	where is cilia located in an animal cell
392	when does lana and clark get back together
395	who painted the world famous painting the last supper
397	atlantic ocean's shape is similar to which english alphabet
398	who is credited with creating the gothic art movement
400	what is the name given to the common currency to the european union
405	who has won the most united states championships
407	the actual name of the confederate force at gettysburg was
410	who is darrell brother in the walking dead
411	where does the brazos river start and stop
419	what nfl coach has the most wins ever
420	when did all night long come out lionel richie
422	when do we use facework to manage the impression others have of us
423	who is the song diamonds and rust about
428	i will die to defend your right to say it
431	the function of the excretory system is to help maintain homeostasis by
436	what is the highest peak in the ozarks
445	who is the owner of the crowne plaza
449	procol harum a whiter shade of pale bach
453	batman and robin episode only fools and horses
456	who wrote hallelujah i just love her so
457	the roman name for a liberal arts education is known as
459	dallol crater in the afar region of ethiopia
461	who was the spanish civil war fought between
462	where is the suez canal located on a map
463	who controls the consolidated fund of the state
466	who sings i can't take my eyes off of you
469	who won the icc under 19 world cup 2018
471	what did the treaty of paris do for the united states
473	who played morticia in the addams family tv show
475	when was pac man released in the us
480	when did the international space station go into space
481	who sang it's a mean old world
482	what are the 4 types of nitrogenous bases
484	where did they film ghosts of girlfriends past
488	who plays voldemort in harry potter and the philosopher's stone
489	where did the battle of lexington and concord occur
491	who has the most super bowls in nfl history
493	what part of indiana is in eastern time zone
496	symbolic interactionism is the basis for which theoretical model
497	who wrote the french declaration of the rights of man and of the citizen
499	who wrote hit me baby one more time
500	where did remember the titans camp take place
503	when did the song push it come out
504	meaning of show me the meaning of being lonely
509	when did the subway open in new york
511	what type of boundary was the mexico earthquake
517	blue mink by the devil i was tempted
519	a treaty is favoured over municipal law pursuant to the principle of pacta sunt servanda
523	when did brent barry won the dunk contest
532	who is the longest serving chief minister in india as on jan 2015
533	most runs ever scored in a mlb inning
537	in which country were the two battles of el alamein fought
540	baga beach is in north or south goa
541	when was the first case of alzheimer's diagnosed
547	what type of car is a g wagon
548	who sings angel of the morning in deadpool
551	who pays for work done on holmes makes it right
554	when did world war 2 end in the pacific
555	what is the story of the very hungry caterpillar
559	what is the legal age for marriage in australia
564	describe how thermal regulation is different in ectotherms and endotherms
565	where was the new pete's dragon filmed
566	is it marley and me or marley and i
569	what kind of animals live in the great victoria desert
572	who played tom hagon in the godfather series
574	where are alkali metals located on the periodic table
578	what is the use of ibm lotus notes
581	what were rough riders in the spanish american war
582	colby chees is named after a town in what state
588	what episode does lori die on the walking dead
589	who is the girl that played darlene in roseanne
591	what is the account number of airtel payment bank
593	who did the original spirit in the sky
594	who was elected president in mexico in 2000
602	who were the judges on dancing on ice 2014
611	when did the military plane crash in mississippi
612	when did they stop using aluminum wiring in ontario
615	this type of nuclear decay effectively turns a proton into a neutron
616	what event marks the beginning of the great depression
618	where does the us men's national soccer team practice
619	where does a brisket come from on a cow
620	when did to kill a mockingbird become popular
622	who plays the genie in aladdin the musical
624	which of these mountain ranges in india's longest railway tunnel constructed
627	how many hoops are used in a game of croquet
628	who starred in the movie romancing the stone
630	who founded amazon where is the headquarters of amazon
634	when did ford change the f150 body style
636	information about the song imagine by john lennon
637	where are the first nations located in canada
641	who played little ricky on i love lucy show
644	german word for pleasure from someone else's pain
645	who scored the most points in a game nba history
647	who is the no. 1 ranked tennis player in the world
651	when did ireland gain its independence from england
652	what is the real story of five nights at freddy's
653	when was the book pride and prejudice written
654	the casualty projections for an invasion of the japanese home islands
655	where will you see polaris in north pole
656	who sang buddy can you spare a dime
662	who sang the song tell me something good
669	who started ww2 and how did it start
671	what happened to the west wing of the white house during a christmas party in 1929
674	the site of dust cave in alabama is interesting for archaeologists because
675	brian cox wonders of the universe episode 1
678	when was the last time an nba backboard broken
685	how many points are scored for a touchdown in american football
687	new mexico was admitted to the union as the . . . state
689	who was the first imperial power that was fighting in vietnam
693	who developed the first printing press in 1430s
695	when do wood thrushes fly when they are migrating
697	how long is one full rotation of the earth
698	the 100 what did clarke do to be in jail
700	when did australia 2 win the america's cup
703	who is hosting e live from the red carpet
706	mainland greece is a body of land with water on three sides called
708	when does middle-earth shadow of mordor come out
715	who wrote the song fly me to the moon
716	who discovered one of the first taxonomic classification schemes
730	who wrote the song rainy days and mondays
733	who designed the traffic circle in long beach ca
734	what type of tale is the pardoner's tale
735	who scored fastest 10000 runs in test cricket
737	when did red dead redemption 1 come out
738	when was the first driver's license required
740	who is next in line to inherit the british throne
742	how many writes does a flash drive have
743	how many ammendments to the constitution have there been
746	original cast of natasha pierre and the great comet of 1812
748	who kicks the ball first to start a football game
750	who votes in the baseball hall of fame
751	who played taylor on the bold and beautiful
753	who expanded the palace of versailles to its present size
758	when did canada gain independence from great britain
761	where do the rockefeller christmas trees come from
765	where is wake forest located in north carolina
767	the head of government in a parliamentary system
773	when did the three little pigs come out
775	who is the first president to be impeached
776	papayas were suffering from what pathogen on the big island of hawaii
780	who wrote the song would i lie to you
781	number of films in lord of the rings
783	is jaffa cakes a biscuit or a cake
784	who does the voice of stewie family guy
785	auditing is the process of verifying the accuracy of the financial statements
789	who is the actor that plays jt on the young and the restless
790	when was the first commercial cell phone released
791	who is casey at the bat based on
792	when did the first ice age come out
793	analysis of our casuarina tree by toru dutt
795	who is the lead singer of collective soul
802	what is the white stork a symbol for in western culture
804	when do you declare honors in contract bridge
805	describe the three phases of the normal blood clotting process
808	who created separation of powers and checks and balances
812	what us state forms the western boundary of montana
813	summary on the i have a dream speech
818	blood alcohol concentration means the parts of alcohol in the blood in relation to what
825	how much money did the film titanic make
829	what is the symbol for christmas in brazil
831	when was the term prime minister first used
832	who won the mens single ice skating 2018
834	what is cain and abel software used for
837	where was the summer olympics held in 2012
838	what is the meaning of the new zealand flag
843	when was the first season of when calls the heart
844	who said one man's vulgarity is another's lyric
846	what football player is called the honey badger
852	who was the person who escaped from alcatraz
853	where does trick or treat for unicef money go
854	where is the inscription on the statue of liberty
858	who makes the important government decisions in an autocracy
860	which way does the earth orbit the sun
861	who did dwight howard play for last year
870	who does the voice of marceline on adventure time
874	how did the great depression start in canada
875	the names of the beaches on d day
882	how long did it take an ocean liner to cross the atlantic
883	where does the coral sea meet the pacific ocean
886	who started the guinness book of world records
889	who sings i'm going to soak up the sun
895	who played dwight's brother on the office
896	when was corporal punishment banned in south africa
900	when did sierra nevada brewery open in asheville
902	when did the bill of rights come out
905	what's the population of prince edward island
908	where is bermuda located on the world map
914	who sang the song if loving you is wrong i don't want to be right
917	what is the role of anaerobic respiration in living things
918	when did the drinking age turn from 18 to 21
919	where does the band imagine dragons come from
921	what is the function of the cartilaginous rings in the trachea
923	where did the tradition of gift giving come from
924	recitative is a style of delivery that is between singing and speaking
933	what was an economic effect of world war ii
936	who hung the lanterns in the old north church
937	when was the last wolf pack killed in yellowstone
938	when did the vikings first sail and reach britain
939	what is the minimum dollar amount for federal court
941	who sings i wanna rock'n'roll all night
942	what is it called when you believe in greek gods
949	what is the name of the lymphatic vessels located in the small intestine
950	the inner sanctuary of the parthenon where the statue of athena is located in known as the
952	what is the emblematic rhythm of dominican republic
953	what is the difference between governor and chief minister in india
957	where did the easter lily get its name
959	when does season 2 of limitless come out
963	how many us troops does the united states have
968	who sings you're welcome in moana credits
969	who is the coach for the ottawa senators
972	when did sussex split into east and west
973	why does smoke come out of nyc sewers
976	who played shmuel in the boy in the striped pyjamas
979	last world series that didn't go 7 games
982	in neuron the axon ends in a bunch of branches
984	who determines the rules of the us house and us senate
986	what are the lives used for in trivia crack
987	who is the highest paid baseball player in the major leagues
992	where does the spinal cord become cauda equina
996	who plays brad pitt's daughter in moneyball
998	who won season 2 of real chance of love
1000	the house of rules committee is an important part of the legislative process because it
1001	why did france decide to aid the united states in its war for independence
1003	who won the first season of america's got talent
1005	when did ga state get a football team
1007	where is the heart in the human body
1010	what molecule in plants captures energy from the sun
1024	how much space does a fennec fox need
1025	how many gallons of water in the gulf of mexico
1026	anastomosis between the epididymis and the vas deferens
1027	who is given credit for inventing the aqua lung
1030	where was the german fleet scuttled in 1919
1038	who played thelma lou in andy griffith show
1041	what is the genus of a bald eagle
1042	who directed the best years of our lives
1043	what is the function of the notwithstanding clause in the canadian constitution
1048	which layer of the meninges is connected to the brain
1050	where is the heart of palm on a palm tree
1052	what are maria and anita doing when the audience first meets them
1055	who was the band that played in the movie road house
1056	where did the british army launch a successful invasion in 1776
1057	who wrote the guitar solo in beat it
1060	adipose areolar and reticular connective tissues are considered loose connective tissue types
1065	what is the female lion called in lion king
1066	intersection of highways 335 and 35 in saskatchewan
1071	where does dividends go on cash flow statement
1076	when are you considered under the poverty line
1077	who wrote if i were a boy reba or beyonce
1086	where is the citrus bowl held this year
1088	can i be a medic in the marines
1090	who made possible the first reproduction of the human voice on the phonograph
1095	what's the dwarf's name in game of thrones
1098	who hit the first home run in the houston astrodome
1099	whats the movie called with justin timberlake and time
1101	where did the idea of a unicorn come from
1103	what is the number of total presidential electoral votes
1104	where does fungi go on a food web
1107	compared to the event horizon the photon sphere of a black hole is
1108	when did television come out in the us
1110	what effect did russia's signing of the treaty of brest-litovsk have on wwi
1119	where is cuba located on a world map
1124	where do they film take me out fernando's
1127	who played the mom in the partridge family
1128	one important reason for a large variety of wildlife found in india
1129	who directed the iconic animated short educational film ek anek aur ekta
1130	is greenland part of europe or north america
1132	who sang if you had a beautiful body would you hold it against me
1135	when did jelly beans became associated with easter
1138	where is fe best absorbed in the body
1139	bankruptcy abuse prevention and consumer protection act of 2005 summary
1141	when was the last time ny rangers won stanley cup
1151	what advantage does the dealer have in blackjack
1154	what were the wto riots in seattle about
1156	who played cruella de vil in 101 dalmatians
1158	the battle of salamis was significant because it
1159	who plays petyr baelish on game of thrones
1160	who is john snow on game of thrones
1165	where does the pulmonary trunk receive blood from
1167	who has the most trophies in la liga
1168	who's playing in the sec championship 2017
1170	when was the last time the ducks won the stanley cup
1172	who sang the song i wanna be sedated
1173	china in chinese is called zhongguo which means
1175	when did the black death end in england
1178	when did the ouija board first come out
1189	who invented the transtheoretical model of behavior change
1192	who has won the 2018 formula one australia grand prix tournament
1193	how is a triangle a special kind of polygon
1198	who was the famous scientist that ran the research lab moseley went to in manchester
1201	how many blue stripes are on the american flag
1202	zen and the art of motorcycle maintenance buddhism
1203	where did the river thames start and end
1205	what group of animals do octopus belong to
1207	suffix applied to the end of the name of enzymes
1208	when did the tv show the waltons first air
1209	where did the dewey decimal system come from
1210	what was the first light beer in the us
1211	who sings the christmas song all i want for christmas is you
1214	when was the last time clemson won the national championship
1223	who is emma dating in once upon a time
1224	star cast of ab tumhare hawale watan sathiyon
1225	when did the ncaa tournament became more important than the nit
1226	dead poets society where does it take place
1228	is 4matic the same as 4 wheel drive
1231	who sang the song one of these nights
1237	who does demetrius love in a midsummer night dream
1238	who sang our god is an awesome god
1239	where does the term parsons nose come from
1240	forney's sister in where the heart is
1244	how many pieces in a terry's chocolate orange
1247	what is the oasis in ready player one
1248	what was the name of the horse in steptoe and son
1251	which indian actor has won most national awards
1255	what are the types of information system application
1259	where is virginia beach located on a map
1262	when is equilibrium reached in a chemical reaction
1265	what happened in the philippines after the united states annexed it as a territory
1266	what is the role of the us attorney general
1267	where did the methodist church get its name
1269	where did the punch brothers get their name
1283	when was the last time giants won superbowl
1284	what is the purpose of the vietnam war
1287	who plays the lion in the movie zookeeper
1291	where did hope on bold and beautiful go
1292	where did they get the vibranium to make captain americas shield
1295	when did we find out the smoking man was mulder's father
1296	how many seasons has greys anatomy been on tv
1298	how did leo dalton die in silent witness
1300	who played young clark kent in 1978 superman
1302	where do they film the ranch on netflix
1304	when was the suite life of zack and cody made
1305	where does the sun hit the us first
1306	olaudah equiano the interesting narrative of the life summary
1313	who sang nice day for a white wedding
1316	is there a train station at weston super mare
1318	what are the titles of a board of directors
1319	who was president when the panama canal was built
1322	where does prime rib come from on a cow
1325	who plays joker in batman the dark knight
1328	who validated the civil rights movement by proclaiming we shall overcome
1330	why do we celebrate holi festival in hindi
1331	what is the common name for gravitational force
1332	region of antarctica where march of the penguins filmed
1333	what went wrong on the columbia space shuttle
1337	who sang raindrops keep fallin on my head
1338	the sons of liberty who were they and what did they do
1340	how many wars held between india and pakistan
1344	where is salamis in ancient greece on a map
1346	what is a live well in a boat
1348	who sang the theme song to step by step
1352	vine with heart shaped leaves and white flowers
1353	where does the thames river begin and end
1356	protein identification the origins of peptide mass fingerprinting
1363	who did cubs beat in 2016 world series
1370	what was the first kind of vertebrate to exist on earth
1374	when did harvard become an ivy league school
1375	when does the call of the wild take place
1380	who played the original steve mcgarrett on hawaii five-o
1381	what year did return of the mack come out
1382	the xix of the social security act of 1965 established
1383	when was the bridge over the hoover dam built
1389	what does sip stand for in the ngn / ims context
1396	where is sinai peninsula located on a map
1405	what is the meaning of 4wd in cars
1413	what is the difference between airasia x and airasia
1414	when did bird is the word come out
1415	where was the remake of wake in fright filmed
1425	what does the number represent in the middle of the wind rose
1429	are hash browns and tater tots the same
1434	is aluminium a ferrous or non ferrous metal
1436	did mary kate and ashley share the role of michelle
1445	who is the singer of kal ho na ho
1446	why was it important to have illustrated manuscripts of the bible
1449	who did bette midler portray in the rose
1453	the vast interior rural area of australia is known as the
1455	who is the masked magician in breaking the magician code
1457	where did the word john doe come from
1459	the era of the great mughals began with the accession of
1460	distributes the powers between union and state government in federation
1463	where did the world's largest recorded wave occur
1464	when did hyderabad became a part of india
1465	what does it mean groundhog sees his shadow
1469	who are the leaders of the jehovah witnesses
1472	what parts make up the peripheral nervous system
1473	what is the source of electrons during photosynthesis
1475	when can a noun be used as an adjective
1478	when was the miraculous journey of edward tulane published
1482	where did the idea of fortnite come from
1484	the south west wind blows across nigeria between
1487	what happens to the rbc in acute hemolytic reaction
1489	when is the last time the philadelphia won the superbowl
1494	how many episodes are there in dragon ball z
1499	who designed the garden city of new earswick
1500	what is the first step in the evolution of the eye
1502	where is gall bladder situated in human body
1505	right to property according to the constitution of india is a
1507	what is the use of adobe flash cs3 professional
1509	what part of the brain is in the middle cranial fossa
1515	in which sea pearl is found in india
1516	where does kylo ren's name come from
1520	who sings the theme song for the proud family
1521	who wrote cant get you out of my head lyrics
1524	where does the story the great gatsby take place
1527	who may be affected by monetary penalties imposed by the irs
1528	who turned out to be the mother on how i met your mother
1535	a best alternative to a negotiated agreement (batna)
1536	who is the girl in green day 21 guns
1540	india and china went to war in 1962
1542	who was the pitcher who broke his arm
1547	the cuban revolt against spain was led by
1553	who wrote the song the glory of love
1559	who said if a tree falls in the woods and nobody hears it
1561	who has given the theory of unbalanced economic growth
1563	who led the soldiers in ending the raid on the harper's ferry arsenal
1570	where does kevins family go in home alone 2
1572	how has australia been influenced by other cultures
1576	will there be a third season of the durells in corfu
1578	how tall is the actor who plays hagrid in harry potter
1579	who won the oscar for best picture in 1976
1581	where are located the acetabulum and the glenoid cavities
1585	who's playing in the world series and when is it
1588	what album is sacrifice by elton john on
1591	what continents does the ring of fire touch
1593	which site of an enzyme is called allosteric site
1595	who sings the song you'll never find another love like mine
1596	where was the original flight of the phoenix filmed
1602	who is the guy who walked across the twin towers
1603	all the motor neurons that control the skeletal muscles are
1604	when do you hear the lub and dub sounds of the heart
1606	who has scored more goals in the premier league
1607	total number of mna in pakistan national assembly
1608	where do we draw the line between painting and drawing
1612	what was the purpose of a revival meeting during the second great awakening
1614	what is the official symbol of the carnival of quebec
1615	which apostle spoke at the council of jerusalem
1616	actor who plays eric on boy meets world
1618	was nightmare before christmas originally a disney movie
1621	what was the first video game for nintendo
1626	when was the minimum wage established in the united states
1627	where is kruger national park in south africa
1630	how many books are in the diary of a whimpy kid series
1636	who want to be a millionaire calls his dad
1650	who played mark on the show the rifleman
1653	when was where have all the flowers gone written
1654	how did the apostles creed get its name
1656	what is a real world application of an atwood machine
1657	who starred in the movie natural born killers
1658	who wants a heart in the wizard of oz
1660	when did the song the joker come out
1661	what is the tigers name in life of pi
1662	when did the 5 day work week begin
1663	where is the north pole on the world map
1664	when did the us stop drafting for the vietnam war
1665	who performed the halftime show at super bowl 51
1669	who plays sheila carter on the bold and the beautiful
1672	what is the share of agriculture in indian economy
1674	who sings the song it ain't me
1675	what us president is the only president to become an eagle scout
1676	how much does it cost for the olympics
1677	when is the womens ice skating for the olympics
1680	where does the optic nerve cross the midline ​
1681	what gun does the california highway patrol use
1684	who painted the ceiling of the florence cathedral
1685	who sings too much time on my hands lyrics
1686	who has hosted the most fifa world cups
1687	what was one effect of the camp david accords 1977
1688	why does prince edward island have red sand
1689	which is the lion's mane jellyfish's species within its genus
1699	who did cora marry in once upon a time
1702	where does the seven ages of man come from
1703	who sings that aint no way to go
1707	when does the cannes film festival take place
1710	what happened to the fourth member of destinys child
1712	where did the violin get its name from
1713	who sings tie a yellow ribbon around the old oak tree
1715	why did the attack on pearl harbor take place
1716	who plays elsa's aunt in once upon a time
1717	where was held the first session of muslim league
1718	what is the name of the dragon in eragon
1719	where is the emerald ash borer found in the us
1720	points outside the production possibilities curve represent combinations of products that are
1724	ed edd n eddy double d boy or girl
1725	who is the head a in pretty little liars
1726	how many models are there in iphone 6
1734	who played raquel in only fools and horses
1739	when did how you remind me come out
1740	what is the role of hcl in the stomach
1741	the joint between a coxal bone of the pelvis and the sacrum
1742	what is the song in red dead redemption
1743	in a microsoft access table what does a row of information represent
1744	once upon time in india kis film ka tag line hai
1747	who is the presiding officer of legislative council in india
1748	when was son of a preacher man released
1749	when did the first train run in england
1750	when did the united kingdom entered world war 2
1752	what does a major depressive episode look like
1758	what is the supreme court's major power
1767	where does the white witch live in narnia
1772	does laser hair removal have any side effects
1777	when does auto start-stop automatically shutdown the engine
1779	who produced a change is gonna come
1782	who wrote knock knock knocking on heavens door
1789	who sang the song you got a friend in me
1790	mention any two function of the speaker of the lok sabha
1791	what is nginx and what is it used for
1792	where does a wrinkle in time take place
1793	the outer layer of the skin that contains no blood or nerve supply is the
1797	who conducted the opening concert at carnegie hall
1798	what was the purpose of masks in greek theatre
1799	who was involved in the currency act of 1764
1800	where did students for a democratic society start
1802	what is the meaning of the song fool on the hill
1806	who became king of erebor after thorin dies
1811	rain sleet or snow that contains a high concentration of acids is called
1813	who plays jack skellington in nightmare before christmas
1814	what is the main issue behind starlink corn
1815	oldest recording of house of the rising sun
1822	does reaching base on an error count as an at bat
1824	what was the primary goal of the first green revolution
1826	who plays red on orange is new black
1829	where does blood go when it leaves the pulmonary artery
1836	what is the most popular religion in sweden
1838	where can oxygen be found in the world
1839	who decides where the super bowl is played
1840	where was the last scene of goonies filmed
1841	what was the divestment social movement in south africa
1843	what does g stand for in ncis los angeles
1845	who is in charge of ratifying treaties in the us
1847	who sang i'm gonna run away from you
1848	who plays whitey bulger's girlfriend in black mass
1849	who came up with popcorn at the movies
1853	how many episodes of touching evil are there
1854	where is the cartilaginous joint found in the body
1855	bible verse about honor thy mother and father
1856	who sang the song a white sports coat and a pink carnation
1857	who wrote shes always a woman to me
1858	where does new crust come from in sea floor spreading
1862	a musical instrument with strings beginning with c
1863	which brazilian player is known as the black diamond of football
1865	where do you get a cashiers check from
1866	who played guitar on my guitar gently weeps
1867	when was the last time beijing hosted the winter olympics
1869	where does the phrase jumping the shark come from
1870	marsupials are found in north america and australia
1874	the witch and the hundred knight 2 us release
1879	ganglion axons forming the optic nerve run to the
1885	what is the director's cut of a movie
1889	what language is the olympic anthem sang in
1891	who was the actor that played ben stone on law and order
1893	where is the amazon river located in south america
1894	who invented the glasses that give sight to the blind
1897	what happens when you dont rotate your tires
1900	which abbott and costello movie has who on first
1902	how did the california gold rush affect the growth of california
1905	when was the movie cool hand luke made
1911	who was the president of pakistan during 1971 war
1914	which type of fire detector uses the effect of smoke on a light source and photo-electric cell
1916	when do federal and state courts have concurrent jurisdiction
1918	who stole the mona lisa from the louvre in 1911
1920	when did billy don't be a hero come out
1925	what information is displayed in clear text from the ftp header
1934	what is the meaning of the oklahoma flag
1935	simple minds live in the city of light album cover
1936	when did south sudan join east african community
1938	who votes in the speaker of the house
1943	where were the soviet missiles located in cuba
1945	votes required to pass a bill in indian parliament
1947	when was the r10+20 summit in rio de janeiro held
1949	location of khasi hills on map of india
1952	where did the term 'robot' come from
1955	wal-mart is a prime example of which type organization
1956	where do the florida marlins have spring training
1958	when was the term social justice first used
1960	who changed the role of the first lady
1961	where are the bahamas located in relation to the united states
1963	what is the name of the compound p4010
1969	when was harry potter and the philosophers stone published
1971	who played the judge in good will hunting
1976	who are the parents of the three fates
1977	who sang the song with reba does he love you
1978	what was the reason for federation in australia
1979	what is the source of information for account receivables
1980	who laid the foundation for indian national congress
1986	where does the eurostar train arrives in london
1987	where is the federated states of micronesia located
1990	who sings every light in the house is on
1991	how many stores does lowes have in canada
1994	where in the bible are the 12 disciples
1996	what is the meaning of the harp in ireland
1999	when was hitchhiker's guide to the galaxy made
2000	when does madea's family funeral come out
2001	who has the highest score in pac man
2003	where is the pacific ocean located on the world map
2005	where does the name loyola university come from
2008	who is playing halftime show super bowl 50
2009	where do rory and paris go to college
2010	who plays eowyn in lord of the rings
2011	who was the winner of the first indianapolis 500
2014	what does the ghost of christmas present sprinkle from his torch
2017	where was part of the classic surfing movie endless summer filmed
2018	where do the question marks go in spanish
2020	who wrote he ain't heavy he's my brother lyrics
2022	when was the lupus foundation of america founded
2026	which is the default file extension for an audio file in windows media player
2029	who plays connor's mom in madeas christmas
2030	hazels boyfriend in the fault in our stars
2031	do fish fall from the sky when it rains
2033	what does the olive branch represent in the olympics
2040	when did the us cut off trade with cuba
2045	when did seattle slew win the triple crown
2047	what is the difference between emery board and nail file
2048	who did michigan state play in the rose bowl
2050	when does the team find out prentiss is alive
2052	who plays the dad in girl meets world
2053	who are you in assassin's creed 4
2054	who destroyed the first temple and exiled the two tribes of judah to babylon
2055	where is the white castle that harold and kumar go to
2056	when was child benefit paid for the first child
2061	song have i told you lately i love you
2062	when did britain set up east indian trading company
2064	when did david akers kick the 63 yard field goal
2066	where does the papillary layer of the skin lie
2067	who has become the new chairman of sebi
2070	when was kudzu introduced to the united states
2071	the radiographic term used to describe the dense bone of the socket and septal crest is
2072	where was the tv show friday night lights filmed
2074	indian cricketer who has the highest test batting average in cricket
2076	i feel like i'm fixin to die woodstock
2078	who invented the first computer game in 1962 and what was the name of the game
2079	who sings somebody's watching me with michael jackson
2082	where does the saying uncle sam come from
2085	who played the mom on what's eating gilbert grape
2090	what are the roles of international monetary fund
2092	who was the bad guy in silence of the lambs
2093	epidemiologists attempt to explain the link between health and variables such as
2094	when was night at the museum 3 filmed
2095	meaning of phil collins another day in paradise
2096	what mall did they use in back to the future
2098	in a double-reciprocal or lineweaver-burk plot the km is found from
2103	what is the approximate volume of blood in your body
2106	what type of novel is goodbye mr chips
2108	when does buffy tell her friends she was in heaven
2109	the recipient of first jnanpith award was an author which language
2110	who was the first to declare the mutiny against the british
2115	true or false the term big data refers only to the amount of data being generated
2116	how did long john silver lose his leg in treasure island
2119	who did the mavericks beat in the finals
2120	who is the actor that plays sneaky pete
2125	when did virgin australia (formerly virgin blue) commence flying in australia
2126	where is the condenser located on a microscope
2128	who sings the song only in my dreams
2129	where is the capital city of alabama located
2131	when were social security cards issued at birth
2133	what is george harrison song wah wah about
2136	who led the conquest of the incas in south america
2137	who sings the pokemon theme song season 1
2139	where does wild caught sockeye salmon come from
2140	who added a press room to the white house
2141	what was the religion in persia before islam
2142	why does kerosene oil rise up in the wick of lantern
2143	mention the chemical change that proinsulin undergo to be able to act as mature insulin
2144	where does the sweetness of fruit come from
2145	what's the difference between a camel and dromedary
2146	an object that moves around an external axis is said to be
2148	what was the name of the plant on little shop of horrors
2150	when does wonder woman come out on blue ray
2151	who heads the executive department of west virginia government
2154	when did the uk and us become allies
2156	where is singapore on the map of asia
2158	what year did the us hockey team won the olympics
2161	what is loihi and where does it originate from
2167	where do elk live in the united states
2170	where are the organ mountains in new mexico
2176	who wrote the song photograph by ringo starr
2179	dominant alleles are always the most common allele in a population
2181	what’s the difference between downhill and super g
2183	where are the giant redwoods located in california
2184	who has made the most premier league appearances
2185	who was the first chief minister of west bengal
2186	two main types of research methods used in psychology
2189	when was the first hunger games book published
2191	where did the race in grease take place
2192	what is the maximum data rate for the 802.11a standard select one
2193	a good that can be used in place of another good
2197	where does the term dog and pony show come from
2198	who is recognized as the founder of islam
2199	why do tokyo and kyoto have the same letters
2204	what are the different types of mountain biking
2207	where does the movie proof of life take place
2208	who breaks a tie in the us senate
2212	what type of fuel goes in a zippo
2213	first jnanpith award was an autor of which language
2216	how many countries does cadbury sell its products
2218	ethiopia flight 961 crashes in to the sea
2219	where is mount st. helens located on a map
2220	where does the mary river start and finish
2224	the origins of the stations of the cross
2227	who did the dominican republic gain its independence from
2231	where does the bob and tom show broadcast from
2233	who won the champions league final in 2016
2240	when did beryl markham fly across the atlantic
2243	when did african isolation from the european old world occur
2244	who does brant daugherty play in pretty little liars
2246	how long is a day in majora's mask
2247	here we go round the mulberry bush origin
2248	when did under the cork tree come out
2249	when did korea separate into north and south
2251	what is the purpose of the muscles that line the esophagus
2253	where does eye of the round roast come from
2254	who sings the song let me love you
2257	how many inches is the iphone 5s screen
2258	where do the signals for apoptosis come from
2260	who made delhi as capital for the first time
2262	who gave the famous objective co relative theory
2264	when did cable stayed bridges increase in popularity
2265	does newman's own really give all profits to charity
2267	is the son of the beast still at kings island
2268	where do bullets go when fired in the air
2275	when was the death penalty reinstated in oregon
2277	what was icq as related to instant messaging
2278	chandra and bhaga river meets at the place
2279	who took part in the american civil war
2281	what was the most important new religious figure of the new kingdom of ancient egypt
2286	where are haploid cells found in the human body
2292	where does the chinatown bus stop in nyc
2293	when did the right to buy scheme start
2294	who sang will i see you in september
2306	who is the valley of the dolls based on
2307	why is there a ball in guinness beer
2310	where are trigger points located in the body
2317	who plays justin hammer in iron man 2
2322	who said i think there is a world market for maybe five computers
2324	where does the friday the 13th superstition come from
2327	the rime of the ancient mariner albatross symbolism
2330	where was percy jackson and the olympians filmed
2331	what is foreign account tax compliance act (fatca)
2332	how many indian prime ministers were born in independent india
2334	what is henry james the real thing about
2343	who is the new york state senate majority leader
2344	who created the pieta and also painted the ceiling of the sistine chapel
2346	who played cory's older brother on boy meets world
2349	where is cinque terre italy on a map
2352	which river separates the bronx in new york city from manhattan island
2353	where does the red wolf live in the world
2358	who acts as the chairman of the election commission
2361	who wrote the song always be humble and kind
2364	bowler to take hattrick in both inning in test match
2365	what is the width of a cricket bat
2366	who played alex cross in along came a spider
2368	who came up with the first working periodic table
2369	when did cybermen first appear in doctor who
2372	what does the keys to the city mean
2374	who won the nobel peace prize for 2017
2375	what does the song gravity by sara mean
2378	why was hong kong important to the british empire
2379	where does cleavage of the peptide bond by chymotrypsin occur
2381	how long did it take to build the great pyramid of egypt
2385	where do the secretory cells of endocrine glands secrete their products
2389	who said beware of the ides of march
2390	when does season 6 of the next step start
2395	when was the dome of the rock completed
2397	who explored waters of cuba the bahamas and hispaniola
2398	why is southern ireland not part of the united kingdom
2402	what is the order of the netflix marvel shows
2403	where do you get male pattern baldness from
2405	who played mama odie in princess and the frog
2406	who represents the insured in the investigation of a claim
2410	what is the name of the weapon the grim reaper carries
2413	who plays captain phasma in star wars the force awakens
2415	when does a dieback or population crash occur
2416	who wrote when a man loves a woman
2418	who did puss in boots grew up with
2422	where does the last name waters come from
2424	in new york the supreme court ranks below the court of appeals
2425	when did where are you now come out
2429	who sang i want to be bobbys girl
2430	where are the cones in the eye located
2434	great tang dynasty record of the western regions
2438	when does april fools day end at noon
2442	how many times have the winter olympics been in the usa since 1924
2445	where is the intermountain region located on a map
2446	what is the setting of a dolls house
2447	who plays the grandmother in game of thrones
2448	what is the approximate volume of the brain
2449	name the tissue type of the inner most layer of cells
2452	what is one of the main goal of the democratic party
2454	what is novichok and what does it do
2456	what river flows through charleston west virginia’s capital
2457	who sings so come and dance with me jai ho
2461	of which country is sofia the capital city
2462	when does the heart develop and begin pumping blood
2467	who propounded the idea of basic education in india
2468	when did korn's follow the leader come out
2471	where are the san juan mountains in new mexico
2477	what is the role of the house of lords in the british constitution
2479	definition of a solid liquid gas and plasma
2490	when was the last time the crows were in the grand final
2492	who made the song we are the world
2493	when did the movie napoleon dynamite come out
2495	when was the biltmore house opened to the public
2496	when was the last time the dodgers played yankees in the world series
2498	hibel v. sixth judicial district court of nevada
2499	who's the original singer of help me make it through the night
2502	how does one get a star on hollywood walk of fame
2503	who sang once upon a dream at the end of maleficent
2505	who was the walker rick killed in the first episode
2507	who starred in the film far from the madding crowd
2508	jawaharlal nehru centre for advanced scientific research jakkur campus
2509	what inspired huxley to write brave new world
2510	two atoms of the same element that are covalently bonded
2514	when are general elections held in the us
2516	who played the virgin in conan the destroyer
2518	the main idea of limited government is that
2523	who carried florida by 537 votes in 2000
2527	who played mr. kincaid on the partridge family
2529	when should a non rebreather mask be used
2532	when was beowulf most likely composed when did it's events probably take place
2537	who has the right to vote in philippines
2538	where is the niger delta on a map
2545	when did end of the road come out
2547	what features of muscle contraction can be determined from an emg (electromyogram)
2550	what is the secret of the law of attraction
2551	how did the constellation bootes get its name
2553	the left or fast lane is called the number 1 lane
2557	who won an oscar for schindler's list
2558	what is the purpose of the bromophenol blue dye in the samples
2559	what is mercy mercy me by marvin gaye about
2560	when was the mission san antonio de valero built
2565	when did lord howe island became a world heritage site
2573	the most common form of megalithic architecture in europe is
2576	when did the passion of the christ come out
2581	what dynasty completed the great wall of china
2585	what is united nations declaration of human rights
2587	who won women's singles us open 2017
2591	who sings don't take your guns to town
2597	who sang the them song for as told by ginger
2598	where is dia de los muertos celebrated in mexico
2601	when did university stop being free in australia
2602	where do deer mice live in the us
2606	who wrote i want to dance with somebody by whitney houston
2614	where does the black friday term come from
2619	how did orchestra change in the romantic period
2622	what is the third book in the lunar chronicles
2624	where can i get a state issued id
2625	who translated the play neel darpan into english
2626	what must be present for a combustion reaction to occur
2627	the supreme court only have original jurisdiction in two kinds of cases
2633	who played mike stivic on all in the family
2634	who sang what i like about you originally
2636	motion of earth is a combination of motion
2637	gestational sac and yolk sac but no baby at 7 weeks
2638	when did the ship hector arrived in pictou
2643	who is johnny in the devil went down to georgia
2644	in which city are the wimbledon game held
2648	what was the lowest barometric pressure for hurricane irma
2649	why does cooling water run through the condenser
2650	when does a cell have condensed visible chromosomes also known as sister chromatids
2652	how did the communists establish control in the new union of soviet socialist republics
2658	when was the canadian pacific railway started and finished
2659	band who had a hit with heart and soul crossword
2661	the german princes who chose the holy roman empire were called
2662	who sang i knew the bride when she used to rock and roll
2663	where did latin american fit in the post-world war ii world
2669	how long did the menendez brothers get in prison for killing their parents
2671	what is the general structure of an url
2674	the federal communications commission​ (fcc) controls and​ regulates
2676	where was the first sonic drive in located
2680	who sings the song rock you like a hurricane
2682	who has the most conference championships in college basketball
2684	steve martin the jerk tonight you belong to me
2685	an story of country folk slogan used to describe the archers
2686	where did the new york giants baseball play
2687	when is the strictly come dancing results show recorded
2688	who sang the song brother let me be your shelter
2689	what percent of the us population controls the wealth
2690	where does iron ore come from in australia
2695	hart of dixie season 4 how many episodes
2697	who wrote old flames cant hold a candle to you
2699	who sang you'll be a woman soon in pulp fiction
2700	where does a roadrunner live in the desert
2701	who was the first president of the constituent assembly
2702	where did ruth's chris name come from
2703	when did first fast and furious come out
2704	how does the mantle plume model explain the existence of hot spots
2708	in the honour of which god is anant chaturdashi celebrated
2713	what is australia's location in the world and region
2716	difference between deep cycle and starting marine battery
2719	who sang what are we doing in love
2720	at what age are you no longer a toddler
2728	what was the purpose of the bantu education act
2731	what is the snow on mars made of
2732	when does elena turn into a vampire in the tv series
2734	what part of dc is howard university in
2735	what is the first covenant in the old testament
2736	who played arnold winkler on andy griffith show
2739	how did the new deal create a new meaning for liberalism
2742	where is fort myers located at in florida
2744	who became a leader of the indian national congress
2745	what is the filename extension used for all java source files
2746	who cracked the enigma code in world war 2
2747	when was the last time unc did not make the ncaa tournament
2748	what is the emperor's role in japan
2752	who sings blame it on the bossa nova
2755	where is the tierra del fuego located on a map
2757	when was the last time the los angeles lakers won a championship
2758	where is the eagle creek fire located in oregon
2760	who sang the song should have been a cowboy
2761	how many counties does the state of georgia have
2764	where did the name 99 ice cream come from
2773	where can carbon be found in the biosphere
2782	what does the m number mean on a pint glass
2783	other than water what else has hydrogen bonds
2798	dogs name in the grinch who stole christmas
2799	who sings the song one thing leads to another
2800	what does it mean if a car is a fleet vehicle
2801	theme of the song roar by katy perry
2803	are citizens of us virgin islands us citizens
2804	who were the whigs and what did they stand for
2807	mount and blade with fire and sword time period
2808	who pays medical bills in great britain where does the money come from to pay these bills
2809	who plays poppy in the beat goes on
2810	do you have to have a gun permit to shoot at a range
2815	in 1945 which party came into power in england
2816	where does porter fly out of in toronto
2820	phase change from gas to solid is called
2823	where does bird's nest soup come from
2826	when was zero first used in mathematical operations
2832	who sang let me tell you about the birds and the bees
2837	who is the girl in the stone sour video say you'll haunt me
2838	where does the phrase rock chalk jayhawk come from
2840	when did the red guards start and end
2841	when did the blackout end in world war 2
2846	who is the actress that plays penny on the big bang theory
2847	difference in function between rough and smooth endoplasmic reticulum
2859	still crazy after all these years song meaning
2861	what type of rock dominates the earth's surface
2867	when is the end of the football season
2869	the 64-bit version of microsoft windows does not support virtual-8086 mode
2870	what is alpha centauri's approximate distance from earth
2871	chronemics is a temporal factor that considers issues of time
2873	who has won the most olympic medals in curling
2874	in the little mermaid how did ariel's mom die
2877	how does the word crucible related to the book crucible
2883	distance from one side of a bridge to the other crossword
2885	what do you say when you win bingo
2891	when did the smoking ban in public places start
2894	who was the greatest pool player of all time
2895	who is the ceo of crate and barrel
2896	what is the difference between north and south bridge
2897	who were the the continent of the americas named after logically
2898	who hoisted indian flag abroad for the first time
2899	towns on the border of texas and oklahoma
2902	who killed missy in a bend in the road
2903	when did one child policy end in china
2908	how many pitchers does a major league team have
2909	what elements make up great britain's constitution
2913	who is the sixth president of the united states
2922	who plays david in alvin and the chipmunks
2924	who lives at the end of king lear
2925	which body system differentiates a male from a female
2926	who negotiated an agreement with japan concerning the future of korea
2928	what was the final episode of quantum leap
2930	what time do tam tams start in montreal
2932	central idea of poem lines from the deserted village
2934	oppo is sponsor of which country's national cricket team
2936	where is iodine found in the periodic table
2937	what was the real name of saudi arabia
2938	where is the oldest civilization known to man
2940	who stars in real housewives of beverly hills
2942	what are some special products made in mississippi
2946	who won the election for mayor in boston
2947	how many casinos are in atlantic city new jersey
2951	the neoclassical growth theory says in part that
2952	roy orbison and k d lang crying song
2956	the resting stage of the cell cycle is
2957	who plays in the new mary poppins movie
2960	disagreements involving slavery and states' rights were two of the main causes of
2964	how many seasons of the rugrats are there
2966	what is the meaning of one standard deviation
2967	when did ibuprofen become available over the counter
2971	when did the nfl adopt a salary cap
2973	what kind of food did the woolly mammoth eat
2981	lord of the rings what does the ring represent
2983	who sings the skye boat song on outlander
2984	how much of the world's diamonds does de beers own
2987	when did fender start making amps in mexico
2988	the boiling point of water is 100 degrees celsius express this in si units
2991	where is the tibia and fibula bone located
2993	who sings he thinks he'll keep her
2994	what states were most affected by the dust bowl
2995	give the formula for the following substance carbonic acid
2997	where is the table of contents found in a book
2999	who lives on 50th floor of trump tower
3000	bosnia and herzegovina croatia macedonia and slovenia all used to be parts of
3001	where did the idea of democracy come from
3004	what is the money called in south korea
3005	can i do a ride along with a police officer
3007	where do most star formation occur in the milky way today
3008	how does the eighth amendment protect people found guilty of crimes
3011	when was the movie the king and i made
3012	the wave length of radio wave is 1m its frequency is
3013	why does overexpression of rtks lead to cancer development
3024	what is the definition of glory in the bible
3026	duties and responsibilities of captain of the ship
3030	who sings you are a magnet and i am steel
3036	where does the journey start in the canterbury tales
3039	where is the world's largest thermometer located
3040	where did the french immigrants settle in texas
3042	where is the air force academy located at
3046	the most recent technological change to the u.s. economy was
3047	the duluth model is an intervention program that emphasizes
3053	resistance to airflow in respiratory passageways is influenced by
3054	what is the function of a viral capsid
3056	explain the role of glycogenin in glycogen synthesis
3060	during the great depression in the 1930s the u.s. economy experienced a
3061	who wrote the song oh lord won't you buy me a mercedes benz
3063	when was the first epistle of john written
3064	has there ever been a tornado in alaska
3068	when was the last time tug-of-war was an official olympic sport
3070	how long is a whale shark in meters
3075	itai-itai disease was a form of poisoning associated with ingestion of
3076	do all eu countries have to use the euro
3077	saying saved by the bell where did it originate
3079	who are considered to be the founding fathers
3086	what is the function and structure of the nervous system
3087	how do you determine what the root of the triad is
3089	where does the sound come from when you crack your knuckles
3090	what album is help by the beatles on
3091	in the song i drive your truck who is he talking about
3094	who played john coffey in the movie the green mile
3096	when does season 8 of hawaii five o premiere
3097	why was the battle of carnifex ferry important
3104	who sang gonna sit right down and write myself a letter
3108	who talks for belle in beauty and the beast
3112	the part of the cytoskeleton made from the protein actin is called
3113	when did the royal proclamation of 1763 end
3114	when did response to state of the union start
3117	isdn uses b & d channels. what is d channel use for
3119	is there a difference between polycythemia and polycythemia vera
3121	who is known as father of green revolution in india
3122	who sing say you won't let go
3123	who monitor the recovery of the location during a disaster
3125	who sings gimme shelter with mick jagger
3126	where is the taurus mountains located on a map
3128	who sings sugar sugar you are my candy girl
3130	when did the song holiday road come out
3131	where does the arrow of a wind vane point
3134	where was thomas and the magic railroad filmed
3135	who has access to the presidential daily briefing
3136	joyce a portrait of the artist as a young man summary
3138	glycogen and amylopectin are long chains of which simple sugar(s)
3139	who was the editor of the journal jugantor published in the time of swadeshi movement
3142	who wrote were going on a bear hunt
3144	where is hard water found in the us
3145	the japanese pagoda was influenced by the indian stupa
3147	who has the power to approve or veto legislation constitution
3150	how i met your mother the goat episode
3155	how and why were serial novels a phenomenon in the nineteenth century
3156	how many countries touches the land boundary of india
3160	who has won the most world series in baseball
3162	what factors helped the european economy to expand in the high middle ages
3164	who was the viceroy when the simon commission visited india
3168	who starred in an officer and a gentleman
3171	where is the cerebrum of the brain located
3172	when does closure of the ductus arteriosus occur
3174	who is the announcer for price is right
3175	what was the purpose of the enabling act
3176	what is the process to become a santero
3178	who has the best batting average in test cricket
3179	what is best thing i never had song about
3182	striking the funny bone is actually compression of the
3183	what are the main doctrines about the nature of god in judaism
3191	the story of lover's leap in jamaica
3194	the epididymis is a tube in which sperm cells mature
3197	is the monseigneur and the marquis the same person
3200	how are tyrants today different from those in ancient greece
3205	where are red wing irish setter boots made
3208	who led an expedition in search of the northwest passage for the french
3212	who began the age of exploration in portugal
3214	what is the angle of the tower of pisa
3218	which approach to psychology focuses on the body especially the brain and nervous system
3223	how did the dominican republic get its name
3225	los angeles stadium at hollywood park opening date
3226	another name for a hairpin bend crossword clue
3227	when did the nba start playing zone defense
3229	when did gimme gimme gimme start
3233	why is there a provision of reservation of seats in the legislature
3237	where is the mitral (bicuspid) valve located
3238	what did ted do to barney's sister
3239	the first significant restriction on free immigration in u.s. history was the
3240	who sang what condition my condition is in
3242	the combination of biotic and abiotic factors which may limit population increase is called
3243	who played zoe hart on hart of dixie
3244	who was the first english child born in north america
3245	when did the word of wisdom become mandatory
3248	where was the salvation army's christmas collection kettle first introduced
3249	what type of energy do satellites generally use to communicate with earth
3252	where do polar bears live and what's their habitat
3254	who died doing the luge in the olympics
3255	what is the storyline of the movie shape of water
3256	who has the most wins on around the horn
3260	the sum of all numbers from 1 to infinity
3261	the first element on the periodic table is
3262	who owns the golden nugget casino in atlantic city
3263	when was to god be the glory written
3269	where is avon park florida on the map
3273	during periods of high inflation the money supply typically has been
3277	whats the distance between mars and the sun
3278	why was the plague that struck athens so devastating
3279	what does a heart rate of 131 mean
3283	what aircraft can you fly with a ppl
3284	where does the microchip go in a dog
3285	who wrote papa got a brand new bag
3287	when was national service abolished in the uk
3290	what does it mean to fuse the spine
3293	what olympic athlete has won the most medals
3296	what grade was arnold from hey arnold in
3298	when was the first wonder woman comic released
3299	who is the writer of 50 shades of grey
3301	what was the professors name in back to the future
3303	who sang it going to take a miracle
3307	where does the us launch space shuttles from
3308	when did little house on the praire air
3309	where did the peanut butter jelly time song come from
3310	when does new model year start for cars
3311	what is the purpose of a website kick starter
3312	when is the figure skating part of the olympics
3314	when was the letter j introduced to the alphabet
3317	what is one note and how does it work
3320	where are the four disney theme parks located
3326	third president of the united states of america
3327	who abolished the monarchy and declared france a republic
3328	location of the ten commandments in the bible
3329	how long was constantinople the center of the roman empire
3330	when did rob dyrdek's fantasy factory end
3332	roman god of the underworld also called orcus or pluto
3333	who is regarded as the founder of psychoanalysis
3334	where is apennines mountains located on a map
3338	in 1973 congress passed the war powers resolution to
3339	where is the orinoco river located on a map
3340	what does zonia receive from reuben in the play
3341	dynamin is associated with which type of vesicle
3342	when did they stop making the nissan xterra
3343	who played the nurse on andy griffith show
3345	who sang the end of the world as we know it
3354	where does florida natural orange juice come from
3355	meaning of the song we built this city
3365	who plays colin on young and the restless
3372	what is the prince of persia in the bible
3373	when were taxes implemented in the united states
3380	who made the nuclear model of an atom
3385	who does the voice of salem the cat
3387	who played joey's agent estelle on friends
3389	who caused to build qutub minar in delhi
3394	who holds the most home runs in mlb history
3395	who abandoned traditional harmony and created the twelve-tone system for composition
3399	what is the meaning of veronica in english
3400	when did krakow become the capital of poland
3402	where does the saying get out of dodge come from
3403	who plays todd in scott pilgrim vs the world
3405	where did the battle of marengo take place
3406	when did michael jordan return to the nba
3409	who sings the wire season 5 theme song
3410	where are the washington redskins based out of
3411	who sings oh what a night late december back in 63
3413	which note is middle c on a piano
3417	what is the name of the chief justice of ghana
3418	where does the highway of heroes start and end
3423	who runs the senate on a day to day basis
3425	what goes on the bottom of shepherd's pie
3427	when does season 13 of america's got talent premiere
3429	who's winning the election in virginia for governor
3431	who sets the requirements of a single audit
3433	who was elected senator of illinois in 1858
3436	in american history what was the purpose of the period known as reconstruction
3438	who plays nathan's mother on general hospital
3439	difference between an australian cattle dog and a blue heeler
3442	does niagara falls belong to us or canada
3443	what is the maxwell award in college football
3444	when did the movie karate kid come out
3447	when is the met office leaving the bbc
3448	where does junior want to go to find hope
